FollowsByCommunity,screenName,followers_count,location,name,created_at,description
665,Tsihanouskaya,45417,"Vilnius, Lithuania",Sviatlana Tsikhanouskaya,2020-10-02 13:55:55,Leader of democratic Belarus / Telegram https://t.co/24UZyHl36U
641,franakviacorka,53942,"Minsk, Belarus",Franak Viaƒçorka,2009-10-11 11:09:21,"Senior Advisor to Sviatlana Tsikhanouskaya
Contact: franak@tsikhanouskaya.org"
251,belteanews,135953,–ë–µ–ª–∞—Ä—É—Å—å,–ß–∞–π –∑ –≤–∞—Ä—ç–Ω–Ω–µ–º,2015-02-06 10:42:27,–ù–æ–≤–æ—Å—Ç–∏ –ë–µ–ª–∞—Ä—É—Å–∏. –ü–∏–∫—á–µ—Ä—É –Ω–∞ –≤–∞—Ä–µ–Ω—å–µ: https://t.co/JV0KSrHfVF
250,Belsat_TV,37567,Belarus,–ë–µ–ª—Å–∞—Ç TV,2010-01-21 18:36:52,"–ë–µ–ª—Å–∞—Ç ‚Äì –ø–µ—Ä—à–∞–µ –Ω–µ–∑–∞–ª–µ–∂–Ω–∞–µ —Ç—ç–ª–µ–±–∞—á–∞–Ω–Ω–µ –ø–∞-–±–µ–ª–∞—Ä—É—Å–∫—É!

–ù–∞–π–±–æ–ª—å—à –∞–ø–µ—Ä–∞—Ç—ã—û–Ω—É—é —ñ–Ω—Ñ—É –º—ã –¥–∞–µ–º —É –Ω–∞—à Telegram: https://t.co/wd5h1He1Ao"
249,svaboda,91203,Minsk. Belarus,–†–∞–¥—ã—ë –°–≤–∞–±–æ–¥–∞,2009-04-08 13:45:49,"–ù–∞–≤—ñ–Ω—ã #–ë–µ–ª–∞—Ä—É—Å—å. Radio Free Europe / Radio Liberty, #Belarus Service. https://t.co/4jQtCFv47q https://t.co/XHrgRtTGKI https://t.co/kBwHzfo35a"
234,belamova,194608,–ë–∞—Ä–∞–Ω–æ–≤–∏—á–∏/–ú–∏–Ω—Å–∫,–†–ë –≥–æ–ª–æ–≤–Ω–æ–≥–æ –º–æ–∑–≥–∞,2013-02-01 10:43:12,–°–∞–º—ã–π –∫—Ä—É–ø–Ω—ã–π –≤ –ë–µ–ª–∞—Ä—É—Å–∏ —Ç–µ–ª–µ–≥—Ä–∞–º-–∫–∞–Ω–∞–ª –ø—Ä–æ –ø–æ–ª–∏—Ç–∏–∫—É: https://t.co/u2gEtuhdjM
216,PavelLatushka,4217,,Pavel Latushka,2020-09-25 07:18:37,"Member of the Presidium of the Coordination Council, Head of the National Anti-Crisis Management, ex Minister, Ambassador #Belarus"
215,viktar_babaryka,25046,"–ú–∏–Ω—Å–∫, –ë–µ–ª–∞—Ä—É—Å—å",–í–∏–∫—Ç–æ—Ä –ë–∞–±–∞—Ä–∏–∫–æ,2020-06-08 10:03:49,–í–∏–∫—Ç–æ—Ä –ë–∞–±–∞—Ä–∏–∫–æ ‚Äî –æ—Ñ–∏—Ü–∏–∞–ª—å–Ω—ã–π —Ç–≤–∏—Ç—Ç–µ—Ä
200,ValeryTsepkalo,18961,–ë–µ–ª–∞—Ä—É—Å—å,–í–∞–ª–µ—Ä–∏–π –¶–µ–ø–∫–∞–ª–æ,2018-03-26 09:38:57,–û—Ñ–∏—Ü–∏–∞–ª—å–Ω—ã–π Twitter –í–∞–ª–µ—Ä–∏—è –¶–µ–ø–∫–∞–ª–æ. –î–∏–ø–ª–æ–º–∞—Ç. –ú–µ–∂–¥—É–Ω–∞—Ä–æ–¥–Ω—ã–π –∫–æ–Ω—Å—É–ª—å—Ç–∞–Ω—Ç. –°–æ–∑–¥–∞—Ç–µ–ª—å –ü–í–¢.
193,OnlinerBY,276869,"Minsk, Belarus",Onliner,2008-07-23 09:20:27,https://t.co/oBWMVTkKe2 | https://t.co/MaUgiXUYUn | https://t.co/OSnh29nQ0I
191,Motolko,91594,"Minsk, Belarus",Anton Motolko,2009-06-21 20:56:54,"Think Different, –¥—Ä—É–∑—å—è‚Ä¶ ¬©"
177,HannaLiubakova,36984,Moving around,Hanna Liubakova,2012-07-27 13:16:55,"Journalist from Minsk, Belarus. Non-resident fellow @AtlanticCouncil. Media trainer. Formerly @RFERL, @Belsat_TV. 2019 @worldpressinst fellow. DM for Signal"
176,nashaniva,17343,–ë–µ–ª–∞—Ä—É—Å—å / Belarus,–ù–∞—à–∞ –ù—ñ–≤–∞,2009-06-30 09:10:29,"–ê—Ñ—ñ—Ü—ã–π–Ω—ã —Ç–≤—ñ—Ç–∞—Ä —ñ–Ω—Ç—ç—Ä–Ω—ç—Ç-–ø–∞—Ä—Ç–∞–ª–∞ ""–ù–∞—à–∞ –ù—ñ–≤–∞"""
166,tutby,298255,"Minsk, Belarus",TUT.BY,2009-01-31 14:10:29,"–ù–æ–≤–æ—Å—Ç–∏, –∫–æ—Ç–æ—Ä—ã–µ –º—ã –∑–∞—Å–ª—É–∂–∏–ª–∏."
162,charter_97,51604,Minsk,charter97.org,2009-07-20 17:17:59,News from Belarus
139,euroradio,34233,Belarus,–ï—û—Ä–∞—Ä–∞–¥—ã—ë,2009-02-26 09:44:08,"–ï—û—Ä–∞–ø–µ–π—Å–∫–∞–µ —Ä–∞–¥—ã—ë –¥–ª—è –ë–µ–ª–∞—Ä—É—Å—ñ –†—ç–¥–∞–∫—Ü—ã–π–Ω—ã –º—ç–π–ª: info@euroradio.fm
https://t.co/ko9HU6uL72"
138,VoicesBelarus,10311,Minsk,Voices from Belarus,2020-07-02 11:34:19,"Stories of people hoping for a democratic Belarus. Created, translated and moderated by a collective of independent authors and translators."
243,nexta_tv,65738,,NEXTA,2013-09-21 21:24:04,"Belarus's largest Telegram channel. Here in English to let the world know.

https://t.co/CitNkE181w
https://t.co/HwFyiPzTiJ
https://t.co/55P3nZpwfK

Pronounced nekhta - Bel. for someone"
236,sadmikalai,355904,–ë–µ–ª–∞—Ä—É—Å—å,–ì—Ä—É—Å—Ç–Ω—ã–π –ö–æ–ª–µ–Ω—å–∫–∞,2015-05-28 15:15:57,"https://t.co/yrd1WXjBXT
–ü–µ—Ä–≤—ã–π –ø–æ—Å–ª–µ –ø–∞–¥—à–µ–≥–æ –±–æ–≥–∞. –ë–∞—Å—Ç–∞—Ä–¥. 
–ë–µ–ª–æ—Ä—É—Å—Å–∫–∏–π –ì–Ω–æ–º –ì–Ω–æ–º—ã—á. 
–ö—Ä–∞—à, –¥–∞ –Ω–µ –≤–∞—à."
117,kykyorg,18252,"–ú–∏–Ω—Å–∫, –ë–µ–ª–∞—Ä—É—Å—å",KYKY.–ûRG,2010-02-10 22:05:42,–£–º–Ω—ã–π –±–µ–ª–∞—Ä—É—Å–∫–∏–π –ª–∞–π—Ñ—Å—Ç–∞–π–ª.
214,navalny,2612069,Moscow,Alexey Navalny,2009-10-14 07:12:44,"–û—Å–Ω–æ–≤–∞—Ç–µ–ª—å –§–æ–Ω–¥–∞ –±–æ—Ä—å–±—ã —Å –∫–æ—Ä—Ä—É–ø—Ü–∏–µ–π, –ª–∏–¥–µ—Ä –ø–∞—Ä—Ç–∏–∏ –†–æ—Å—Å–∏—è –ë—É–¥—É—â–µ–≥–æ."
100,1863x,14829,,Eduard Palchys,2014-09-08 15:24:33,https://t.co/ZXTXzhfQwn https://t.co/UVxzNN7iDr https://t.co/73o901MXXW https://t.co/N4h5QBye2N https://t.co/2FCy3xB4TX
89,BelarusFeed,4310,"Minsk, Belarus",BelarusFeed,2014-03-09 07:56:11,"Daily news from Belarus, life, facts, business and culture. Retweet ‚â† endorsement"
87,belpartisan,41673,–ú–∏–Ω—Å–∫,–ë–µ–ª–æ—Ä—É—Å—Å–∫–∏–π –ø–∞—Ä—Ç–∏–∑–∞–Ω,2012-02-27 14:46:13,–û—Ñ–∏—Ü–∏–∞–ª—å–Ω—ã–π —Ç–≤–∏—Ç—Ç–µ—Ä —Å–∞–π—Ç–∞ –ë–µ–ª–æ—Ä—É—Å—Å–∫–∏–π –ø–∞—Ä—Ç–∏–∑–∞–Ω
86,symbalby,10113,"Belarus, Minsk",symbal.by,2014-04-11 08:31:17,"–ö—Ä–∞–º–∞ —Å–ø—ã–Ω—ñ–ª–∞ —Å–≤–∞—é –ø—Ä–∞—Ü—É –¥–∞ –ª–µ–ø—à—ã—Ö —á–∞—Å–æ—û.
–ß–∞–º—É —ñ —è–∫ –¥–∞–ø–∞–º–∞–≥—á—ã: https://t.co/wHxPKgxDya

symbalby@gmail.com
#symbalby"
80,m_for_mixacb,8380,"–ú–∏–Ω—Å–∫, –ë–µ–ª–∞—Ä—É—Å—å",–ú–∏—à–∞ –ò–ª—å–∏–Ω,2011-06-27 07:10:26,"¬´–ò–ª—å—è –∏–∑ —Ç–≤–∏—Ç—Ç–µ—Ä–∞¬ª, –ú–∏—Ö–∞—Å—å –∏–∑ @euroradio"
79,sergechaly,6212,"54.706755,24.906767",Serge Chaly,2009-03-09 17:18:25,
153,BelarusMID,17046,,–ú–ò–î –ë–µ–ª–∞—Ä—É—Å–∏ üáßüáæ,2011-08-25 07:25:00,–û—Ñ–∏—Ü–∏–∞–ª—å–Ω—ã–π twitter-–∞–∫–∫–∞—É–Ω—Ç –ú–∏–Ω–∏—Å—Ç–µ—Ä—Å—Ç–≤–∞ –∏–Ω–æ—Å—Ç—Ä–∞–Ω–Ω—ã—Ö –¥–µ–ª –†–µ—Å–ø—É–±–ª–∏–∫–∏ –ë–µ–ª–∞—Ä—É—Å—å (For tweets in English please follow @BelarusMFA)
75,Belsat_Eng,9849,"Minsk, Belarus",Belsat in English,2013-11-03 19:28:38,The first independent TV in Belarus
147,A_Shraibman,8402,"–ú–∏–Ω—Å–∫, –ë–µ–ª–∞—Ä—É—Å—å ",Artyom Shraibman,2014-09-30 07:44:35,
70,LinkeviciusL,96274,Lithuania,Linas Linkevicius,2012-12-28 14:18:07,Former Minister of Defence and former Minister of Foreign Affairs üá±üáπ
67,gypsynkov,5108,Minsk,Gypsynkov,2015-02-12 08:46:33,This is the way.
66,naviny,10061,–ú–∏–Ω—Å–∫,Naviny.by,2009-05-04 09:29:10,–ü–µ—Ä–≤–∞—è –æ–Ω–ª–∞–π–Ω-–≥–∞–∑–µ—Ç–∞ –ë–µ–ª–∞—Ä—É—Å–∏
58,NowBelarus,2559,"Minsk, Belarus",NowBelarus,2020-08-10 00:43:28,Now it's time for #Belarus
58,CityDog_by,55878,,CityDog.by,2012-05-02 10:24:43,–≠—Ç–æ –Ω–∞—à –≥–æ—Ä–æ–¥!
114,varlamov,451649,Moscow,Ilya Varlamov,2009-05-16 11:19:20,"Ilya Varlamov. –ñ—É—Ä–Ω–∞–ª–∏—Å—Ç, –∞—Ä—Ö–∏—Ç–µ–∫—Ç–æ—Ä, —Ñ–æ—Ç–æ–≥—Ä–∞—Ñ, –æ—Å–Ω–æ–≤–∞—Ç–µ–ª—å —Ñ–æ–Ω–¥–∞ –ì–æ—Ä–æ–¥—Å–∫–∏–µ –ø—Ä–æ–µ–∫—Ç—ã. –ò–Ω–æ–≥–¥–∞ —è –≤–æ—Ä—É—é —á—É–∂–∏–µ —Ç–≤–∏—Ç—ã, –º–Ω–µ —Å—Ç—ã–¥–Ω–æ. –ú–æ–π –Ω–æ–º–µ—Ä –¥–ª—è –°–ú–°: +7-000-00-00"
57,viasna96,7451,Belarus,Viasna,2011-02-07 13:54:14,–ü—Ä–∞–≤–∞–∞–±–∞—Ä–æ–Ω—á—ã —Ü—ç–Ω—Ç—Ä –í—è—Å–Ω–∞
113,max_katz,213385,"–ú–æ—Å–∫–≤–∞, –†–æ—Å—Å–∏—è",–ú–∞–∫—Å–∏–º –ö–∞—Ü,2009-06-17 01:16:02,"–î–∏—Ä–µ–∫—Ç–æ—Ä –ì–æ—Ä–æ–¥—Å–∫–∏—Ö –ü—Ä–æ–µ–∫—Ç–æ–≤, —É—Ä–±–∞–Ω–∏—Å—Ç–∏—á–µ—Å–∫–∏–π –º–∞–≥–∏—Å—Ç—Ä. –ö–æ–Ω—Ç–∞–∫—Ç—ã: +7(910)442-1312, —Ç–µ–ª–µ–≥—Ä–∞–º: https://t.co/tbhrP7Rbjs"
53,goalsby,18173,–ú–∏–Ω—Å–∫,Tribuna.com –ë–µ–ª–∞—Ä—É—Å—å,2010-05-04 16:07:08,–°–∞–º—ã–µ —Å–≤–µ–∂–∏–µ –Ω–æ–≤–æ—Å—Ç–∏ —Å–ø–æ—Ä—Ç–∞. –ù–∞—à —Ç–µ–ª–µ–≥—Ä–∞–º: https://t.co/24CDNCjyul
53,mvd_by,20282,–†–µ—Å–ø—É–±–ª–∏–∫–∞ –ë–µ–ª–∞—Ä—É—Å—å,–ú–í–î –ë–µ–ª–∞—Ä—É—Å–∏,2011-04-14 14:05:49,–ú–∏–Ω–∏—Å—Ç–µ—Ä—Å—Ç–≤–æ –≤–Ω—É—Ç—Ä–µ–Ω–Ω–∏—Ö –¥–µ–ª –†–µ—Å–ø—É–±–ª–∏–∫–∏ –ë–µ–ª–∞—Ä—É—Å—å
102,tvrain,2103135,Moscow,–î–æ–∂–¥—å,2010-04-23 16:36:11,–ß–∏—Ç–∞–π—Ç–µ –Ω–∞—Å –∏ –≤ —Ç–µ–ª–µ–≥—Ä–∞–º–µ ‚Üí https://t.co/x3XmW7L0AL
51,Chilikto,81167,–ú–∏–Ω—Å–∫,–ß–∏–ª–∏–∫,2011-12-11 02:48:43,"–ü–æ—Å–æ–ª –ë–µ–ª–∞—Ä—É—Å–∏ –≤ —Ä—É–Ω–µ—Ç–µ; –ò–ª–ª—é—Å—Ç—Ä–∞—Ç–æ—Ä;
–§–æ—Ç–æ–º–æ–¥–µ–ª—å
https://t.co/jJdXJObqir"
50,ewenk_yu,6922,–ú–∏–Ω—Å–∫,Eugeny Yushkevich (–≠wenk),2015-12-03 08:45:32,"Hunter, https://t.co/HmYGrFM1Zn co-founder, ex-investigator, android-dev, master of (criminal) law, some military, some IT
—Å—É–≥—É–±–æ –ª–∏—á–Ω—ã–π —Ç–≤–∏ –∏ –ª–∏—á–Ω–æ–µ –º–Ω–µ–Ω–∏–µ"
48,TadeuszGiczan,17728,"Warsaw, London",Tadeusz Giczan,2018-11-21 22:45:57,"Editor-in-Chief @Nexta_tv, PhD Researcher @UCLSSEES. Belarus' crony socialism‚¨úÔ∏èüü•‚¨úÔ∏èTraditional architecture enthusiast. Sufferer of WHU‚öíÔ∏èTorpedo Minsk"
48,rada_vision,1095,Belarus,–ö–æ–æ—Ä–¥–∏–Ω–∞—Ü–∏–æ–Ω–Ω—ã–π —Å–æ–≤–µ—Ç/ Coordination Council,2020-10-01 19:49:29,"–ü—Ä–µ–¥—Å—Ç–∞–≤–∏—Ç–µ–ª—å–Ω—ã–π –æ—Ä–≥–∞–Ω –±–µ–ª–∞—Ä—É—Å–∫–æ–≥–æ –æ–±—â–µ—Å—Ç–≤–∞. https://t.co/YQDyc64PTz

‚Äî –ø—Ä–µ–æ–¥–æ–ª–µ–Ω–∏–µ –ø–æ–ª–∏—Ç–∏—á–µ—Å–∫–æ–≥–æ –∫—Ä–∏–∑–∏—Å–∞
‚Äî –æ–±–µ—Å–ø–µ—á–µ–Ω–∏–µ —Å–æ–≥–ª–∞—Å–∏—è –≤ –æ–±—â–µ—Å—Ç–≤–µ
‚Äî –∑–∞—â–∏—Ç–∞ —Å—É–≤–µ—Ä–µ–Ω–∏—Ç–µ—Ç–∞"
48,_belarus,9073,"Minsk, Belarus",UDF.BY,2009-07-27 11:35:11,–ï–∂–µ–¥–Ω–µ–≤–Ω—ã–µ –±–µ–ª–æ—Ä—É—Å—Å–∫–∏–µ –Ω–æ–≤–æ—Å—Ç–∏
47,budzma,8203,Belarus,–ë—É–¥–∑—å–º–∞ –±–µ–ª–∞—Ä—É—Å–∞–º—ñ!,2009-07-15 06:35:00,–ì—Ä–∞–º–∞–¥—Å–∫–∞—è –∫—É–ª—å—Ç—É—Ä–Ω—ñ—Ü–∫–∞—è –∫–∞–º–ø–∞–Ω—ñ—è ‚Äú–ë—É–¥–∑—å–º–∞ –±–µ–ª–∞—Ä—É—Å–∞–º—ñ!‚Äù
47,BelarusMFA,15711,Minsk,Belarus MFA üáßüáæ,2011-05-13 10:59:53,Official English language twitter of the Ministry of Foreign Affairs of the Republic of Belarus (For tweets in Belarusian and Russian please follow @BelarusMID)
45,USEmbBy,6862,Minsk,U.S. Embassy Minsk,2014-12-30 11:09:20,Welcome to the offical U.S. Embassy Minsk Twitter account. (RT/Follow ‚â† endorsement) See us on Facebook: https://t.co/hww7e02DMa
44,pr0tez,10040,,Roman Protasevich,2011-07-14 11:10:47,–ü–µ—Ä–≤—ã–π –≤ –∏—Å—Ç–æ—Ä–∏–∏ –∂—É—Ä–Ω–∞–ª–∏—Å—Ç-—Ç–µ—Ä—Ä–æ—Ä–∏—Å—Ç
44,mc_maxim,147781,–ú–∏–Ω—Å–∫,Maxim Pushkin,2010-06-14 11:55:59,–ö–æ—Ä—Ä–µ—Å–ø–æ–Ω–¥–µ–Ω—Ç @tutby –≤ –ú–∏–Ω—Å–∫–µ. +375256688514 https://t.co/cipAu2apgJ
43,MBogretsov,1731,,Maxim Bogretsov,2020-09-30 11:13:38,–ù–µ—Ä–∞–≤–Ω–æ–¥—É—à–Ω—ã–π –ø—Ä–æ–≥—Ä–∞–º–º–∏—Å—Ç. –ù–æ–≤—ã–π –ø—Ä–æ–µ–∫—Ç: –ø—Ä–µ–≤—Ä–∞—Ç–∏—Ç—å –∏–¥–µ—é —Å–≤–æ–±–æ–¥–Ω–æ–π –ë–µ–ª–∞—Ä—É—Å–∏ –≤ —Ä–µ–∞–ª—å–Ω–æ—Å—Ç—å
43,Den_2042,5986,Belgium,Denis Kazakiewicz,2016-01-27 20:35:03,"Data analyst, activist and reporter. Tweets are my own."
43,Alekzander_Luk,86704,–ú–∏–Ω—Å–∫,–°–∞—à–∞ 3%,2013-07-23 09:18:12,–õ—É—á—à—ã–π —Å–ø–µ—Ü—ã–∞–ª–∏—Å—Ç –≤–æ –≤—Å–µ–º! –ü–∞–ø–∞ –ª—É—á—à—ç–≥–æ —Å—ã–Ω–∞ –≤ –º–∏—Ä—ç!
43,postimby,69294,–ë–µ–ª–∞—Ä—É—Å—å,–ü–æ—Å—Ç–∏–º –ë–µ–ª–∞—Ä—É—Å—å!,2014-01-30 18:06:30,"–§–æ—Ç–æ –∏–Ω—Ç–µ—Ä–µ—Å–Ω—ã—Ö –º–µ—Å—Ç, –æ—Å–Ω–æ–≤–Ω—ã–µ –Ω–æ–≤–æ—Å—Ç–∏ –ë–µ–ª–∞—Ä—É—Å–∏"
42,ZmDashkevich,3714,,–ó—å–º—ñ—Ü–µ—Ä –î–∞—à–∫–µ–≤—ñ—á,2016-12-16 21:31:25,–ñ—ã–≤–µ!
41,Dedoooshka,5083,–ë–µ–ª–∞—Ä—É—Å—å,–î–µ–¥—É—à–∫–∞,2019-05-17 14:41:50,Co-founder: @standuphall –í –¥–∞–Ω–Ω–æ–º –∞–∫–∞—É–Ω—Ç–µ –≤—Å–µ —à—É—Ç–∫–∏ —Ä–∞–¥–∏ —à—É—Ç–∫–∏ –∏ –±–æ–ª—å—à–µ –≤—ã–º—ã—Å–µ–ª —Ä–∞–¥–∏ —à—É—Ç–∫–∏
41,Veterrr,4867,Minsk,Ivan Radziankou,2010-04-13 16:57:19,All I have are owlful thoughts!
41,beltanews,35166,Republic of Belarus,–ë–ï–õ–¢–ê,2011-03-04 07:42:00,
39,112by,81409,"–ë–µ–ª–∞—Ä—É—Å—å, –ú–∏–Ω—Å–∫",112.by –ú–ß–° –ë–µ–ª–∞—Ä—É—Å–∏,2011-06-02 08:32:00,"–û —Ç–æ–º, —á–µ–≥–æ –Ω–µ —Å—Ç–û–∏—Ç –¥–µ–ª–∞—Ç—å –≤ –∂–∏–∑–Ω–∏. –¢–µ–ª–µ—Ñ–æ–Ω —Å–ª—É–∂–±—ã —Å–ø–∞—Å–µ–Ω–∏—è - 101 (112). –í–∏—Ç–∞–ª–∏–π –ù–æ–≤–∏—Ü–∫–∏–π, –æ—Ñ–∏—Ü. –ø—Ä–µ–¥—Å—Ç–∞–≤–∏—Ç–µ–ª—å –ú–ß–°
Ministry for Emergency Situations of Belarus"
39,BFreeTheatre,14086,London | Minsk,Belarus Free Theatre,2013-02-05 11:20:09,"More than a theatre company. Artists fighting dictatorship. Currently reporting live from :üìçMinsk, Belarus #StandWithBelarus"
39,medulla_ossium,15142,,–ü–ª–æ—Ç–∫–∏–Ω–∞,2015-01-27 23:45:18,–∞–¥–µ–∫–≤–∞—Ç–Ω–∞—è
37,villagebel,3758,Republic of Belarus,The Village –ë–µ–ª–∞—Ä—É—Å—å,2017-06-01 10:34:13,"–ì–∞—Ä–∞–¥—Å–∫–∞—è —ñ–Ω—Ç—ç—Ä–Ω—ç—Ç-–≥–∞–∑–µ—Ç–∞: —É—Å—ë –ø—Ä–∞ –∫—É–ª—å—Ç—É—Ä–Ω–∞–µ —ñ –≥—Ä–∞–º–∞–¥—Å–∫–∞–µ –∂—ã—Ü—Ü—ë, –∑–∞–±–∞–≤—ã, –µ–∂—É, –ø–∞—Å–ª—É–≥i —ñ –ª—é–¥–∑–µ–π —É –ú—ñ–Ω—Å–∫—É."
70,meduzaproject,1388056,,Meduza,2014-09-11 14:10:18,–≠—Ç–æ ¬´–ú–µ–¥—É–∑–∞¬ª. –¢–æ–ª—å–∫–æ —Å–∞–º—ã–µ –≤–∞–∂–Ω—ã–µ –Ω–æ–≤–æ—Å—Ç–∏ –∏ —Ç–µ–∫—Å—Ç—ã https://t.co/s0cFqJ6kOv https://t.co/wCrm5RGmEv https://t.co/lU7ROUmIgI
66,yurydud,827542,–ú–æ—Å–∫–≤–∞,–Æ—Ä–∏–π –î—É–¥—å,2011-11-28 20:44:34,
32,Belarus_24,8594,,Belarus_24,2012-01-03 06:43:40,"–û—Ñ–∏—Ü–∏–∞–ª—å–Ω–∞—è —Å—Ç—Ä–∞–Ω–∏—Ü–∞ –º–µ–∂–¥—É–Ω–∞—Ä–æ–¥–Ω–æ–≥–æ —Ç–µ–ª–µ–∫–∞–Ω–∞–ª–∞ ¬´–ë–µ–ª–∞—Ä—É—Å—å 24¬ª: –Ω–æ–≤–æ—Å—Ç–∏ –ë–µ–ª–∞—Ä—É—Å–∏ –∏ –ú–∏–Ω—Å–∫–∞, –æ–±–∑–æ—Ä—ã –∏ —Ñ–æ—Ç–æ—Ä–µ–ø–æ—Ä—Ç–∞–∂–∏, –∞–Ω–æ–Ω—Å—ã –ø—Ä–æ–≥—Ä–∞–º–º, —Ñ–∞–∫—Ç—ã –æ #–ë–µ–ª–∞—Ä—É—Å—å."
31,mborzunova,35380,–ø–æ–¥–æ–ª—å—Å–∫ —Ä–∞–±–æ—á–∏–π –≥–æ—Ä–æ–¥ –º–æ–π,–º–∞—à–∞ –±–æ—Ä–∑—É–Ω–æ–≤–∞,2011-06-02 20:10:30,"–≤–µ–¥—É fake news, –∫–æ—Ä—Ä–µ—Å–ø–æ–Ω–¥–µ–Ω—á—É –Ω–∞ —Ç–∫ –¥–æ–∂–¥—å"
31,v_milov,115720,"–ú–æ—Å–∫–≤–∞, –†–æ—Å—Å–∏—è",Vladimir Milov,2010-08-15 20:28:17,–ü–æ–¥–ø–∏—Å—ã–≤–∞–π—Ç–µ—Å—å –Ω–∞ –º–æ–π —é—Ç—É–±-–∫–∞–Ω–∞–ª - —Ç—Ä–µ–∑–≤—ã–π –≥–ª–æ–±–∞–ª–∏—Å—Ç—Å–∫–∏–π –≤–∑–≥–ª—è–¥ –Ω–∞ –º–∏—Ä –±–µ–∑ –ø—Ä–æ–ø–∞–≥–∞–Ω–¥—ã –∏ –∫–æ–Ω—Å–ø–∏—Ä–æ–ª–æ–≥–∏–∏
30,belarusian,4207,Minsk,Andrey Dzmitryeu,2009-04-04 15:03:11,üìç–ø–æ–ª–∏—Ç–∏–∫ üìç–ö–∞–Ω–¥–∏–¥–∞—Ç –≤ –ø—Ä–µ–∑–∏–¥–µ–Ω—Ç—ã –ë–µ–ª–∞—Ä—É—Å–∏ üìç–°–æ–ø—Ä–µ–¥—Å–µ–¥–∞—Ç–µ–ª—å  ¬´–ì–æ–≤–æ—Ä–∏ –ø—Ä–∞–≤–¥—É¬ª
29,kpby,58727,"Minsk, Belarus",KP in Belarus,2009-05-14 06:41:06,"–ù–æ–≤–æ—Å—Ç–∏ –∏–∑ –ë–µ–ª–∞—Ä—É—Å–∏, –ª—É—á—à–µ–π –≤ –º–∏—Ä–µ —Å—Ç—Ä–∞–Ω—ã. 
–•–æ—Ç–∏—Ç–µ —Å–æ–æ–±—â–∏—Ç—å –Ω–∞–º —á—Ç–æ-—Ç–æ –≤–∞–∂–Ω–æ–µ? –°–æ–æ–±—â–∞–π—Ç–µ!
–ë–æ—Ç –≤ —Ç–µ–ª–µ–≥—Ä–∞–º–µ @kpbelBot"
29,by_Interfax,78276,–ë–µ–ª–∞—Ä—É—Å—å,interfax.by,2009-11-02 12:09:52,–°–∞–º—ã–µ –∞–∫—Ç—É–∞–ª—å–Ω—ã–µ —Ç–µ–º—ã –ë–µ–ª–∞—Ä—É—Å–∏! –ù–æ–≤–æ—Å—Ç–∏ –∏ –Ω–µ —Ç–æ–ª—å–∫–æ - –Ω–∞ –ø–æ—Ä—Ç–∞–ª–µ interfax.by
28,Racyja,7057,–ë–µ–ª–∞—Ä—É—Å—å,Radyjo Racyja,2013-01-17 15:11:59,"–ë–ï–õ–ê–†–£–°–ö–ê–ï –†–ê–î–´–Å –†–ê–¶–´–Ø –≤—è—à—á–∞–µ –Ω–∞ –±–µ–ª–∞—Ä—É—Å–∫–∞–π –º–æ–≤–µ –Ω–∞ —Ç—ç—Ä—ã—Ç–æ—Ä—ã—ñ –ë–µ–ª–∞—Ä—É—Å—ñ, –ü–æ–ª—å—à—á—ã —ñ –õ—ñ—Ç–≤—ã. –ë–µ–ª–∞—Å—Ç–æ–∫ - –ì—Ä–æ–¥–Ω–∞ 98,1 FM, –ë—Ä—ç—Å—Ç 99,2 FM."
28,strana888,4230,,–°—Ç—Ä–∞–Ω–∞ –¥–ª—è –∂–∏–∑–Ω–∏,2020-05-20 22:54:15,"–°–æ–æ–±—â–µ—Å—Ç–≤–æ —Ç–µ—Ö, –∫—Ç–æ —Ö–æ—á–µ—Ç –∂–∏—Ç—å –≤ –°—Ç—Ä–∞–Ω–µ –î–ª—è –ñ–∏–∑–Ω–∏ –∏ –≥–æ—Ç–æ–≤ –ø—Ä–∏–Ω–∏–º–∞—Ç—å –≤ —ç—Ç–æ–º —Å—Ç—Ä–æ–∏—Ç–µ–ª—å—Å—Ç–≤–µ –∞–∫—Ç–∏–≤–Ω–æ–µ —É—á–∞—Å—Ç–∏–µ.  –°—Å—ã–ª–∫–∞ –Ω–∞ –∫–∞–Ω–∞–ª: https://t.co/Ra6OCa2knW"
28,artsiadziba,5605,"Miensk, Belarus",–ê—Ä—Ç –°—è–¥–∑—ñ–±–∞,2011-12-24 01:12:38,–ú—ã ‚Äî –Ω–µ–∫–∞–º–µ—Ä—Ü—ã–π–Ω–∞—è –∞—Ä–≥–∞–Ω—ñ–∑–∞—Ü—ã—è —ñ –∞–¥–∫—Ä—ã—Ç–∞—è –∫—É–ª—å—Ç—É—Ä–Ω–∞—è –ø–ª—è—Ü–æ—û–∫–∞ —û —Ü—ç–Ω—Ç—Ä—ã –ú—ñ–Ω—Å–∫—É.
25,gazetabycom,5485,"Minsk, Belarus",–°–∞–ª—ñ–¥–∞—Ä–Ω–∞—Å—Ü—å ‚Äì –≥–ª–∞–≤–Ω—ã–µ –Ω–æ–≤–æ—Å—Ç–∏ –ë–µ–ª–∞—Ä—É—Å–∏,2011-07-22 10:40:11,"–°–≤–µ–∂–∏–π –≤–∑–≥–ª—è–¥ –Ω–∞ –∫–∞–∂–¥—ã–π –¥–µ–Ω—å.
–ú—ã –≤ Facebook: https://t.co/O20Hq8BYRK
–¢–µ–ª–µ–≥—Ä–∞–º: https://t.co/Ay0Qs0Hika"
25,kavaleuski,1804,,Valery Kavaleuski,2009-10-28 18:28:24,"Representative on Foreign Affairs of @Tsihanouskaya
Georgetown MSFS'14
Belarusian State University'98
Belarus MFA 1998-2006"
25,Grybauskaite_LT,250662,"Vilnius, Lithuania",Dalia Grybauskaitƒó,2012-11-21 07:59:56,Former President of the Republic of Lithuania
50,mich261213,788973,London,–•–æ–¥–æ—Ä–∫–æ–≤—Å–∫–∏–π –ú–∏—Ö–∞–∏–ª,2014-03-07 21:44:35,"–ü–∏—à—É —Å–∞–º. –ò—â—É –µ–¥–∏–Ω–æ–º—ã—à–ª–µ–Ω–Ω–∏–∫–æ–≤. –ò–∑–ª–∞–≥–∞—é –ª–∏—á–Ω—É—é –ø–æ–∑–∏—Ü–∏—é. –° —Ö–∞–º–∞–º–∏ –Ω–µ –æ–±—â–∞—é—Å—å, –ø–æ—Å–∫–æ–ª—å–∫—É –Ω–∞–¥–æ–µ–ª–∏."
25,AlexKokcharov,26084,London,Alex Kokcharov,2014-03-31 09:19:29,"Country risk analyst focused on #Russia, #Ukraine, #Belarus, #Eurasia & #Caucasus. All views are my own, RT ‚â† endorsement. #ENTP"
25,marcinkievich,3722,,"–î—É–Ω–µ–º, –ú–∞—Ä—Ü—ñ–Ω–∫–µ–≤—ñ—á?",2014-08-27 21:04:01,–∏–ª–ª—é—Å—Ç—Ä–∏—Ä—É—é —ç—Ñ—Ñ–µ–∫—Ç –î–∞–Ω–Ω–∏–Ω–≥–∞-–ö—Ä—é–≥–µ—Ä–∞
24,vicmartinovich,2826,,Victor Martinovich,2010-03-13 02:15:58,
24,GUVD_Minsk,95357,"–ë–µ–ª–∞—Ä—É—Å—å, –ú–∏–Ω—Å–∫",GUVD_Minsk,2010-04-30 12:14:18,–ì–£–í–î –ú–∏–Ω–≥–æ—Ä–∏—Å–ø–æ–ª–∫–æ–º–∞
24,sguriev,111339,Paris,Sergei Guriev,2010-07-08 05:12:27,"Professor of Economics, Sciences Po, Paris. Former Chief Economist, EBRD. Former Rector of the New Economic School, Moscow."
23,mediazona_by,10240,,–ú–µ–¥–∏–∞–∑–æ–Ω–∞. –ë–µ–ª–∞—Ä—É—Å—å,2020-06-29 22:54:02,–ü–∏—à–µ–º –æ —Å—Ç–æ–ª–∫–Ω–æ–≤–µ–Ω–∏–∏ —á–µ–ª–æ–≤–µ–∫–∞ –∏ –≥–æ—Å—É–¥–∞—Ä—Å—Ç–≤–∞
23,golos_by,1470,Belarus,–ü–ª–∞—Ç—Ñ–æ—Ä–º–∞ –ì–æ–ª–æ—Å,2020-07-31 16:30:52,–ü—Ä–æ–≥–æ–ª–æ—Å–æ–≤–∞—Ç—å –∑–∞ –ø–µ—Ä–µ–≥–æ–≤–æ—Ä—ã: https://t.co/AhMRXPN4am
46,SobolLubov,311812,,–°–æ–±–æ–ª—å –õ—é–±–æ–≤—å,2011-02-25 23:52:28,"–ê–∫–∫–∞—É–Ω—Ç —é—Ä–∏—Å—Ç–∞ –§–ë–ö, –Ω–µ–∑–∞–≤–∏—Å–∏–º–æ–≥–æ –∫–∞–Ω–¥–∏–¥–∞—Ç–∞ –≤ –ì–æ—Å–¥—É–º—É –ø–æ –¶–ê–û –ú–æ—Å–∫–≤—ã. –° 29 —è–Ω–≤–∞—Ä—è –°–æ–±–æ–ª—å –Ω–∞—Ö–æ–¥–∏—Ç—Å—è –ø–æ–¥ –¥–æ–º–∞—à–Ω–∏–º –∞—Ä–µ—Å—Ç–æ–º, –ø–æ—ç—Ç–æ–º—É –∞–∫–∫–∞—É–Ω—Ç –≤–µ–¥–µ—Ç—Å—è –µ–µ –∫–æ–º–∞–Ω–¥–æ–π"
23,kolesovahudz,2882,Boston ,Mary Kolesova-Hudzilina,2018-04-27 20:57:15,"advocate,  lecture #Harvard"
22,OlgaDryndova,3278,"Berlin, Germany",Olga Dryndova,2019-04-04 14:44:30,Editor BelarusAnalysen @UniBremen I Expert #Belarus @vdeminstitute I @polis180 @junge_dgo I #DemocracyPromotion #EasternEurope #CivilSociety #PoliticalCulture
43,eschulmann,110388,–ú–æ—Å–∫–≤–∞,–®—É–ª—å–º–∞–Ω,2019-09-24 13:28:26,–†–æ—Å—Å–∏–π—Å–∫–∏–π –ø–æ–ª–∏—Ç–æ–ª–æ–≥. –°–ø–µ—Ü–∏–∞–ª–∏—Å—Ç –ø–æ –ø—Ä–æ–±–ª–µ–º–∞–º –∑–∞–∫–æ–Ω–æ—Ç–≤–æ—Ä—á–µ—Å—Ç–≤–∞.
21,GpkGovBY,7548,"Belarus, Minsk",–ì–æ—Å–ø–æ–≥—Ä–∞–Ω–∫–æ–º–∏—Ç–µ—Ç –ë–µ–ª–∞—Ä—É—Å–∏,2010-01-14 10:52:37,"–ì–æ—Å—É–¥–∞—Ä—Å—Ç–≤–µ–Ω–Ω—ã–π –ø–æ–≥—Ä–∞–Ω–∏—á–Ω—ã–π –∫–æ–º–∏—Ç–µ—Ç –†–µ—Å–ø—É–±–ª–∏–∫–∏ –ë–µ–ª–∞—Ä—É—Å—å | State Border Committee of the Republic of Belarus
https://t.co/a58kytrq33 https://t.co/Xzili5brxM"
21,IngridaSimonyte,7582,Lithuania,Ingrida ≈†imonytƒó,2019-02-01 17:48:25,Prime Minister of the Republic of Lithuania üá±üáπ.
21,112MINSK,36307,–ú–∏–Ω—Å–∫,–ú–ß–° –ú–∏–Ω—Å–∫–∞,2011-07-26 07:33:50,"–û –±–µ–∑–æ–ø–∞—Å–Ω–æ—Å—Ç–∏ –≤ —à–∏—Ä–æ–∫–æ–º —Å–º—ã—Å–ª–µ: –æ —Ç–æ–º, —á—Ç–æ –¥–µ–ª–∞—Ç—å, —á—Ç–æ–±—ã –Ω–µ –ø–æ–ø–∞—Å—Ç—å –≤ –ß–°, –∏ —á—Ç–æ –¥–µ–ª–∞—Ç—å, –µ—Å–ª–∏ —É–∂–µ –ø–æ–ø–∞–ª–∏.–û–ª—å–≥–∞ –ú–µ–ª—å—á–µ–Ω–∫–æ, –æ—Ñ–∏—Ü–∏–∞–ª—å–Ω—ã–π –ø—Ä–µ–¥—Å—Ç–∞–≤–∏—Ç–µ–ª—å –ú–ß–° –ú–∏–Ω—Å–∫–∞."
21,donaldtuskEPP,58826,Brussels,Donald Tusk,2019-11-27 11:24:20,President of @EPP
21,MartynenkoAnton,4714,,–ê–Ω—Ç–æ—Å—å –ú–∞—Ä—Ç—ã–Ω–µ–Ω–∫–∞,2010-11-08 17:53:27,Second most valuable person in Belarus
21,koko_byy,36937,Belarus,–°–µ–Ω—å–æ—Ä –ö–æ–∫–æ–±–∞–πüèπ,2011-02-02 22:50:03,"–í–æ–∂–∞–∫ —Å—Ç–∞–∏ —Ñ—É–¥—Ö–∞–Ω—Ç–µ—Ä–æ–≤, —Å–µ–Ω—å–æ—Ä –ö–æ–∫–æ–±–∞–π"
21,malishevsky,7191,Belarus,Viktar Malishevsky,2009-08-31 19:49:09,Antijournalist.by  –°–ª–µ–¥–∏—Ç–µ –∑–∞ —Ä—É–∫–∞–º–∏...
20,Cibullia,2478,,–ù–∞ —ç—Ç–æ–º –º–æ–∏ –ø–æ–ª–Ω–æ–º–æ—á–∏—è –≤—Å–µ!,2019-10-30 13:07:26,"https://t.co/oN6g82ze9x –Ω–µ –¥–æ–±–∞–≤–∏—Ç—å, –Ω–µ —É–±–∞–≤–∏—Ç—å"
20,svirsky1,19265,–ú–∏–Ω—Å–∫,Svirsky,2013-05-26 16:27:12,–ñ—ã–≤–µ –ë–µ–ª–∞—Ä—É—Å—å! –°–ª–∞–≤–∞ –£–∫—Ä–∞—ó–Ω—ñ! God bless the US! –ò –Ω–µ–º–Ω–æ–≥–æ –æ –ø–æ–≥–æ–¥–µ –≤ –†–æ—Å—Å–∏–∏...
20,palchysv,2327,–ë–µ–ª–∞—Ä—É—Å—å,–í–∏–∫—Ç–æ—Ä–∏—è –ü–∞–ª—å—á–∏—Å,2016-11-03 17:28:50,"–•—Ä–∏—Å—Ç–∏–∞–Ω–∫–∞, –∂–µ–Ω–∞, –º–∞—Ç—å."
20,MOD_BY,8457,Minsk,–ú–∏–Ω–æ–±–æ—Ä–æ–Ω—ã –ë–µ–ª–∞—Ä—É—Å–∏,2011-01-06 19:20:32,"–û—Ñ–∏—Ü–∏–∞–ª—å–Ω—ã–π twitter-–∞–∫–∫–∞—É–Ω—Ç –ú–∏–Ω–∏—Å—Ç–µ—Ä—Å—Ç–≤–∞ –æ–±–æ—Ä–æ–Ω—ã –†–µ—Å–ø—É–±–ª–∏–∫–∏ –ë–µ–ª–∞—Ä—É—Å—å
https://t.co/RIHnMlyphx
https://t.co/9A7DW1YS17
https://t.co/o0uMuMlQuX"
40,dw_russian,238226,"Bonn, Germany",DW –Ω–∞ —Ä—É—Å—Å–∫–æ–º,2007-05-18 11:37:49,"–û—Ñ–∏—Ü–∏–∞–ª—å–Ω—ã–π –∫–∞–Ω–∞–ª Deutsche Welle. –ù–æ–≤–æ—Å—Ç–∏, –∞–Ω–∞–ª–∏—Ç–∏–∫–∞, –≤–∏–¥–µ–æ, —Ç—Ä–∞–Ω—Å–ª—è—Ü–∏–∏, —Ü–∏—Ç–∞—Ç—ã –¥–Ω—è –æ –†–æ—Å—Å–∏–∏ –∏ –ï–≤—Ä–æ–ø–µ"
20,MRohava,4084,,Maryia Rohava,2017-11-06 18:11:39,"Researcher | Politics in Eurasia but mostly in #Belarus & #Russia | Autocracies, identity and symbolic politics"
39,GitanasNauseda,20923,"Vilnius, Lithuania",Gitanas Nausƒóda,2018-11-28 18:37:26,President of the Republic of Lithuania
39,SvobodaRadio,348299,–ú–æ—Å–∫–≤–∞ +7 495 739-18-18,–†–∞–¥–∏–æ –°–≤–æ–±–æ–¥–∞,2009-06-16 06:43:03,"–ú–∏–Ω—é—Å—Ç –†–æ—Å—Å–∏–∏ –≤–Ω–µ—Å –†–∞–¥–∏–æ –°–≤–æ–±–æ–¥–∞ –≤ —Ä–µ–µ—Å—Ç—Ä –∑–∞—Ä—É–±–µ–∂–Ω—ã—Ö –°–ú–ò - ""–∏–Ω–æ—Å—Ç—Ä–∞–Ω–Ω—ã—Ö –∞–≥–µ–Ω—Ç–æ–≤"". –†–° —Å—á–∏—Ç–∞–µ—Ç —ç—Ç–æ —Ä–µ—à–µ–Ω–∏–µ –Ω–µ—Å–ø—Ä–∞–≤–µ–¥–ª–∏–≤—ã–º."
19,navosha,15069,,–î–º–∏—Ç—Ä–∏–π –ù–∞–≤–æ—à–∞,2009-04-16 22:45:12,https://t.co/55XUDPbCoE –∏ –¥—Ä—É–≥–∏–µ –ø—Ä–æ–µ–∫—Ç—ã –æ —Å–ø–æ—Ä—Ç–µ
19,pravda_by,4944,–ë–µ–ª–∞—Ä—É—Å—å ,–ì–∞–≤–∞—Ä—ã –ø—Ä–∞—û–¥—É!,2010-02-25 22:43:51,"–†—É—Ö –∑–∞ –º—ñ—Ä–Ω—ã—è –ø–µ—Ä–∞–º–µ–Ω—ã. –ú—ã –Ω–µ —á–∞–∫–∞–µ–º, –ø–∞–∫—É–ª—å –Ω–µ—Ö—Ç–∞ –∑–∞ –Ω–∞—Å –∑—Ä–æ–±—ñ—Ü—å –∂—ã—Ü—Ü–µ –ª–µ–ø—à. –ú—ã —Ä–æ–±—ñ–º —Å–∞–º—ñ. –ö–∞–º–∞–Ω–¥–∞ —ç–∫—Å-–∫–∞–Ω–¥—ã–¥–∞—Ç–∞ —û –ø—Ä—ç–∑—ñ–¥—ç–Ω—Ç—ã –ê–Ω–¥—Ä—ç—è –î–∑—å–º—ñ—Ç—Ä—ã–µ–≤–∞.
–î–∞–ª—É—á–∞–π—Å—è!"
19,A_Sannikov,4121,"Warsaw, Poland",Andrei Sannikov,2010-09-21 21:39:48,–ì—Ä–∞–º–∞–¥–∑—è–Ω—Å–∫—è –∫–∞–º–ø–∞–Ω—ñ—è –ï—û—Ä–∞–ø–µ–π—Å–∫–∞—è –ë–µ–ª–∞—Ä—É—Å—å/Civil campaign European Belarus
19,vandroukiby,17157,Minsk,Vandrouki.by,2009-12-05 18:40:12,–ê–∫—Ü–∏–∏ –∞–≤–∏–∞–∫–æ–º–ø–∞–Ω–∏–π –∏ —Å–ø–æ—Å–æ–±—ã –ø—É—Ç–µ—à–µ—Å—Ç–≤–æ–≤–∞—Ç—å –ø–æ—á—Ç–∏ –±–µ—Å–ø–ª–∞—Ç–Ω–æ - –≤—Å–µ —Å–∞–º–æ–µ –∞–∫—Ç—É–∞–ª—å–Ω–æ–µ –≤–æ–∫—Ä—É–≥ –ë–µ–ª–∞—Ä—É—Å–∏.
19,pivo_varov,82545,,–ê–ª–µ–∫—Å–µ–π –ü–∏–≤–æ–≤–∞—Ä–æ–≤,2011-10-15 11:24:46,–Æ—Ç—å—é–±-–∫–∞–Ω–∞–ª ¬´–†–µ–¥–∞–∫—Ü–∏—è¬ª
19,a1belarus,17027,–ú–∏–Ω—Å–∫,–ê1 –ë–µ–ª–∞—Ä—É—Å—å,2011-05-15 11:34:03,"A1 ‚Äì –ø—Ä–æ–≤–∞–π–¥–µ—Ä —Ç–µ–ª–µ–∫–æ–º–º—É–Ω–∏–∫–∞—Ü–∏–æ–Ω–Ω—ã—Ö, –ò–ö–¢- –∏ –∫–æ–Ω—Ç–µ–Ω—Ç-—É—Å–ª—É–≥ –≤ –ë–µ–ª–∞—Ä—É—Å–∏. –ü—Ä–∏—Å–æ–µ–¥–∏–Ω—è–π—Ç–µ—Å—å –∏ —É–∑–Ω–∞–≤–∞–π—Ç–µ –Ω–æ–≤–æ—Å—Ç–∏ –∫–æ–º–ø–∞–Ω–∏–∏ –ø–µ—Ä–≤—ã–º–∏!"
37,Sandy_mustache,648819,"–ú–æ—Å–∫–≤–∞, –†–æ—Å—Å–∏—è",–£—Å—ã –ü–µ—Å–∫–æ–≤–∞,2013-07-28 15:46:55,"–û—Å—Ç—Ä–æ. –ß–µ—Å—Ç–Ω–æ. –°–º–µ—à–Ω–æ. –ß–∏—Ç–∞–π –ø–æ–∫–∞ –Ω–µ –∑–∞–ø—Ä–µ—Ç–∏–ª–∏! 

–í—Å–µ –≤–æ–ø—Ä–æ—Å—ã –≤ —Ç–µ–ª–µ–≥—Ä–∞–º–µ @USER0MAN"
36,navalnylive,167443,–†–æ—Å—Å–∏—è,–ù–∞–≤–∞–ª—å–Ω—ã–π LIVE,2017-03-14 11:35:07,"YouTube-–∫–∞–Ω–∞–ª –æ –ø–æ–ª–∏—Ç–∏–∫–µ, –æ–±—â–µ—Å—Ç–≤–µ, —ç–∫–æ–Ω–æ–º–∏–∫–µ –∏ –ø—Ä–µ–∫—Ä–∞—Å–Ω–æ–π –†–æ—Å—Å–∏–∏ –±—É–¥—É—â–µ–≥–æ.

–°—Ç–∞–Ω–æ–≤–∏—Ç–µ—Å—å –Ω–∞—à–∏–º —Å–ø–æ–Ω—Å–æ—Ä–æ–º: https://t.co/uKoFD8fIc9"
18,blisch,37781,Minsk,Denis Blisch,2009-05-13 07:03:54,–≠–Ω—Ü–∏–∫–ª–æ–ø–µ–¥–∏—è –±–µ–ª–æ—Ä—É—Å—Å–∫–æ–π –≥–ª—É–±–∏–Ω–∫–∏. –¢–∞–º –Ω–µ –±—ã–≤–∞–µ—Ç —Ç—É—Ä–∏—Å—Ç–æ–≤.
18,novychas,3727,Belarus,Novy ƒåas /–ù–æ–≤—ã –ß–∞—Å,2012-10-25 08:51:41,"–®—Ç–æ—Ç—ã–¥–Ω—ë–≤—ñ–∫ –Ω–∞ –±–µ–ª–∞—Ä—É—Å–∫–∞–π –º–æ–≤–µ.
https://t.co/at5RHdXZ0N
https://t.co/27XAGV7XiE
https://t.co/32M8uuBnCO"
18,UNBelarus,3172,Belarus,UN Belarus,2014-08-04 09:37:36,Official Twitter account of the United Nations in Belarus / –û—Ñ–∏—Ü–∏–∞–ª—å–Ω—ã–π —Ç–≤–∏—Ç—Ç–µ—Ä –û—Ä–≥–∞–Ω–∏–∑–∞—Ü–∏–∏ –û–±—ä–µ–¥–∏–Ω–µ–Ω–Ω—ã—Ö –ù–∞—Ü–∏–π –≤ –ë–µ–ª–∞—Ä—É—Å–∏ E-mail: un.belarus@one.un.org
18,GLandsbergis,7727,Vilnius,Gabrielius Landsbergis,2011-03-23 13:17:30,"Minister of Foreign Affairs, Member of Parliament of Lithuania, Chairman of TS-LKD, Homeland Union Party of Lithuania,"
17,MinskMetroNet,71913,Republic of Belarus,–ú—ñ–Ω—Å–∫–∞–µ –º–µ—Ç—Ä–æ,2010-07-25 22:00:39,–í—Å—ë –æ –º–∏–Ω—Å–∫–æ–π –ø–æ–¥–∑–µ–º–∫–µ –Ω–µ–æ—Ñ–∏—Ü–∏–∞–ª—å–Ω–æ
17,trzaskowski_,498200,Warszawa,Rafa≈Ç Trzaskowski,2011-09-08 13:48:38,Prezydent Warszawy
17,mal_mars,12717,"Belarus, Minsk",ü§ç‚ù§Ô∏èü§ç—Ä–µ–∞–Ω–∏–º–∞—Ü–∏–æ–Ω–Ω–∞—è —à—Ç—É—á–∫–∞ –ø—Ä–æ—Ç–∏–≤ –Ω–∞—Å–∏–ª–∏—è,2011-05-03 14:07:52,–¥–µ–≤–æ—á–∫–∞ –º–∞—Ç–µ—Ä–∏—Ç—Å—è. –Ω–∏–∫–æ–≥–¥–∞ —Ç–∞–∫–æ–≥–æ –Ω–µ –±—ã–ª–æ –∏ –≤–æ—Ç –æ–ø—è—Ç—åü§∑üèª‚Äç‚ôÄÔ∏è
33,RFERL,108221,"Washington, Prague, & more",Radio Free Europe/Radio Liberty,2009-05-26 19:37:23,"Radio Free Europe/Radio Liberty provides first-hand coverage from Russia, Ukraine, Eastern & Central Europe, Balkans, Caucasus & Iran."
16,BSSFofficial,493,,Belarusian Sport Solidarity Foundation,2020-11-17 10:01:13,Created by sports officials & athletes amid repressions and violence in Belarus. The goal is to support Belarusian athletes. More info on: https://t.co/TrNTRL2Owt
16,EU_Commission,1476295,"Brussels, Belgium",European Commission üá™üá∫,2010-06-21 12:28:34,News and information from the European Commission. Social media and data protection policy: https://t.co/7aEVKyzxHh
16,UKinBelarus,2658,Republic of Belarus,UK in Belarus,2015-08-05 14:01:54,"Official Twitter account of the British Embassy Minsk. You can also follow us on https://t.co/NPiUHNDydS, https://t.co/m3cBsMBj7P, https://t.co/HrmmBNTunQ"
31,bbcrussian,1131152,London,bbcrussian,2008-12-16 12:46:15,"–û—Ñ–∏—Ü–∏–∞–ª—å–Ω—ã–π –∞–∫–∫–∞—É–Ω—Ç –†—É—Å—Å–∫–æ–π —Å–ª—É–∂–±—ã –ë–∏-–±–∏-—Å–∏. –í –¥—Ä—É–≥–∏—Ö —Å–æ—Ü—Å–µ—Ç—è—Ö: https://t.co/2VvLPMk8ZT, https://t.co/aoBM6NRmu1, https://t.co/nsoQJrAPiZ, https://t.co/Ong4pjBzQ2"
31,Kira_Yarmysh,186516,,–ö–∏—Ä–∞ –Ø—Ä–º—ã—à,2014-06-05 21:01:22,"–ü—Ä–µ—Å—Å-—Å–µ–∫—Ä–µ—Ç–∞—Ä—å –ê–ª–µ–∫—Å–µ—è –ù–∞–≤–∞–ª—å–Ω–æ–≥–æ; –ø—Ä–µ—Å—Å-—Å–µ–∫—Ä–µ—Ç–∞—Ä—å –§–ë–ö. –° 1 —Ñ–µ–≤—Ä–∞–ª—è –ö–∏—Ä–∞ –Ω–∞—Ö–æ–¥–∏—Ç—Å—è –ø–æ–¥ –¥–æ–º–∞—à–Ω–∏–º –∞—Ä–µ—Å—Ç–æ–º, –Ω–∞ —ç—Ç–æ—Ç –ø–µ—Ä–∏–æ–¥ –µ–µ –∞–∫–∫–∞—É–Ω—Ç –≤–µ–¥—É—Ç —Å–æ—Ç—Ä—É–¥–Ω–∏–∫–∏ –§–ë–ö"
15,BelarusUNNY,5122,"New York, NY",Belarus UN NY üáßüáæ,2015-05-06 18:35:59,–ü–∞—Å—Ç–∞—è–Ω–Ω–∞–µ –ø—Ä–∞–¥—Å—Ç–∞—û–Ω—ñ—Ü—Ç–≤–∞ –†—ç—Å–ø—É–±–ª—ñ–∫—ñ –ë–µ–ª–∞—Ä—É—Å—å –ø—Ä—ã –ê—Ä–≥–∞–Ω—ñ–∑–∞—Ü—ã—ñ –ê–±'—è–¥–Ω–∞–Ω—ã—Ö –ù–∞—Ü—ã–π / Permanent Mission of the Republic of Belarus to the United Nations
30,ZelenskyyUa,273609,Ukraine,–í–æ–ª–æ–¥–∏–º–∏—Ä –ó–µ–ª–µ–Ω—Å—å–∫–∏–π,2019-04-23 10:21:15,–ü—Ä–µ–∑–∏–¥–µ–Ω—Ç –£–∫—Ä–∞—ó–Ω–∏
15,_activenigga_,1531,Republic of Belarus,"""–º—É–ª–∞—Ç–∞—á–∫–∞ —Ç–æ–µ-—Å—ë–µ""",2019-06-04 18:25:39,"–ê–ª–∞–Ω–∞ –ú–∞—Ä—ã—è–º
üíÅüèæ‚Äç‚ôÄÔ∏è—ç–∫—Å-–∫–∞–Ω–¥—ã–¥–∞—Ç–∫–∞ —û –¥—ç–ø—É—Ç–∞—Ç–∫—ñ @moladzbel 
‚òª  Black Queen @zbsunion
‚úä–º–∞–ª–∞–¥–∞—è —Ä—ç—Ñ–∞—Ä–º–∞—Ç–∞—Ä–∫–∞
üíâ–º–µ–¥—ã–∫ –Ω–µ —Ç–≤–∞—ë–π –º–∞—Ä—ã"
15,MirovichMedia,41888,Republic of Belarus,‚≠êÔ∏è–ú–∞–∫—Å–∏–º –ú–∏—Ä–æ–≤–∏—á,2013-05-04 18:29:27,"–ù–∞–º –¥–æ–∂–∏—Ç—å –¥–æ —É—Ç—Ä–∞, —á—Ç–æ–±—ã –∫—Ä–∏–∫–Ω—É—Ç—å —É—Å–ø–µ—Ç—å ‚Äî¬†–º–∏—Ä —Å–≤–æ–±–æ–¥–µ, –≤–æ–π–Ω–∞ –¥–∏–∫—Ç–∞—Ç—É—Ä–∞–º.

https://t.co/sYwQzWfrt8"
15,sbbytoday,6621,"–ú–∏–Ω—Å–∫, –ë–µ–ª–∞—Ä—É—Å—å",–°–ë. –ë–µ–ª–∞—Ä—É—Å—å –°–µ–≥–æ–¥–Ω—è,2012-09-03 08:42:37,–û—Ñ–∏—Ü–∏–∞–ª—å–Ω—ã–π –∞–∫–∫–∞—É–Ω—Ç –∏–∑–¥–∞—Ç–µ–ª—å—Å–∫–æ–≥–æ –¥–æ–º–∞ ¬´–ë–µ–ª–∞—Ä—É—Å—å –°–µ–≥–æ–¥–Ω—è¬ª.
15,baj_by,4887,"Minsk, Belarus",–ë–ê–ñ | BAJ,2010-07-01 12:48:11,"–ì–ê ¬´–ë–µ–ª–∞—Ä—É—Å–∫–∞—è –∞—Å–∞—Ü—ã—è—Ü—ã—è –∂—É—Ä–Ω–∞–ª—ñ—Å—Ç–∞—û¬ª - –¥–æ–±—Ä–∞–∞—Ö–≤–æ—Ç–Ω–∞–µ, –Ω–µ–¥–∑—è—Ä–∂–∞—û–Ω–∞–µ, –Ω–µ–ø–∞—Ä—Ç—ã–π–Ω–∞–µ –∞–±'—è–¥–Ω–∞–Ω–Ω–µ –≥—Ä–∞–º–∞–¥–∑—è–Ω, —è–∫—ñ—è –∑–∞–π–º–∞—é—Ü—Ü–∞ –ø—Ä–∞—Ñ–µ—Å—ñ–π–Ω–∞–π –∂—É—Ä–Ω–∞–ª—ñ—Å—Ü–∫–∞–π –¥–∑–µ–π–Ω–∞—Å—Ü—é."
15,eglod_katia,1995,"London, Minsk",Katia Glod,2012-06-07 19:58:51,"Non-resident fellow at CEPA, Analyst and political risk consultant, former Soviet countries"
15,poczobut,12667,"Grodno, BY",Andrzej Poczobut,2009-12-17 10:01:34,"Dziennikarz, cz≈Çonek ZarzƒÖdu G≈Ç√≥wnego ZwiƒÖzku Polak√≥w na Bia≈Çorusi"
14,ZuzanaCaputova,97156,Slovensk√° republika,Zuzana ƒåaputov√°,2019-03-29 09:54:51,Official Twitter account of the President of the Slovak Republic üá∏üá∞ for international audience in English | Pre vyjadrenia v SK sledujte FB a IG.
14,BelarusUNOG,1869,"Gen√®ve, Suisse",Belarus UN Geneva,2015-06-23 07:42:20,Permanent Mission of the Republic of Belarus to the UN Office and other International Organizations at Geneva
28,vonderleyen,556740,,Ursula von der Leyen,2019-07-03 08:08:33,President of the @EU_Commission. Mother of seven. Brussels-born. European by heart. üá™üá∫
14,onttvchannel,7554,–ë–µ–ª–∞—Ä—É—Å—å,–û–ù–¢,2011-06-11 17:35:29,–ù–æ–≤–æ—Å—Ç–∏ –ë–µ–ª–∞—Ä—É—Å–∏ –∏ –º–∏—Ä–∞ –æ—Ç —Ç–µ–ª–µ–∫–∞–Ω–∞–ª–∞ –û–ù–¢             http://t.co/GXsmII7qmF  | http://t.co/1MZRTQB1K0  | http://t.co/fJtgASs9xx
14,NEXTA_EN,9003,Belarus,–ë–µ–ª–∞—Ä—É—Å—å —ñ–Ω—Ñ–∞—Ä–º–∞—Ü—ã—ñ,2020-08-09 19:21:31,NEXTA Live & Other Sources on Belarus
14,twi_by,48881,Belarus,–¢–≤–∏—Ç—Ç–µ—Ä –≤ –ë–µ–ª–∞—Ä—É—Å–∏,2009-05-24 11:21:52,–ë–µ–ª–æ—Ä—É—Å—Å–∫–æ–µ —Ç–≤–∏—Ç—Ç–µ—Ä-—Å–æ–æ–±—â–µ—Å—Ç–≤–æ: –≤—Å–µ –æ —Ç–≤–∏—Ç—Ç–µ—Ä–µ –∏ —Ç–≤–∏—Ç—Ç–µ—Ä–µ –≤ –ë–µ–ª–∞—Ä—É—Å–∏. #twiby email: twitter4by@gmail.com
14,christogrozev,68930,Klingon,Christo Grozev,2010-05-16 20:27:50,"'Insidious Bulgarian', 'Creator of small personal hells', 'Probiv Maestro', 'Dispatcher of the Liberal Opposition', 'Man with incomprehensible biography'."
14,reform_by,1272,,Reformation,2016-06-10 09:11:12,
14,belgazeta,10941,Minsk,–ë–µ–ª–ì–∞–∑–µ—Ç–∞,2009-10-28 09:10:16,"–ù–µ–∑–∞–≤–∏—Å–∏–º—ã–π –∏–Ω—Ñ–æ—Ä–º–∞—Ü–∏–æ–Ω–Ω–æ-–∞–Ω–∞–ª–∏—Ç–∏—á–µ—Å–∫–∏–π –µ–∂–µ–Ω–µ–¥–µ–ª—å–Ω–∏–∫. #–ë–µ–ª–ì–∞–∑–µ—Ç–∞ –ñ–∏–≤–æ–π, –∏–Ω–æ–≥–¥–∞ –æ—á–µ–Ω—å —Å—É–±—ä–µ–∫—Ç–∏–≤–Ω—ã–π, –∞–∫–∫–∞—É–Ω—Ç."
14,ia_panorama,55112,,–ò–ê ¬´–ü–∞–Ω–æ—Ä–∞–º–∞¬ª,2017-12-19 06:48:23,–û–ø–µ—Ä–µ–∂–∞—è —Å–æ–±—ã—Ç–∏—è. // –°–∞—Ç–∏—Ä–∞. Satire (Parody) // Telegram: https://t.co/nm0y37zddL // –í–ö: https://t.co/8Uwm22Hhrk
14,minskgovby,14996,"–ú–∏–Ω—Å–∫, –ë–µ–ª–∞—Ä—É—Å—å",–ú–∏–Ω–≥–æ—Ä–∏—Å–ø–æ–ª–∫–æ–º,2015-01-15 09:21:23,–û—Ñ–∏—Ü–∏–∞–ª—å–Ω–∞—è —Å—Ç—Ä–∞–Ω–∏—Ü–∞ –ú–∏–Ω—Å–∫–æ–≥–æ –≥–æ—Ä–æ–¥—Å–∫–æ–≥–æ –∏—Å–ø–æ–ª–Ω–∏—Ç–µ–ª—å–Ω–æ–≥–æ –∫–æ–º–∏—Ç–µ—Ç–∞
27,teamnavalny,186998,,–ö–æ–º–∞–Ω–¥–∞ –ù–∞–≤–∞–ª—å–Ω–æ–≥–æ,2013-06-24 12:21:55,"–ë–æ—Ä–µ–º—Å—è —Å –∫–æ—Ä—Ä—É–ø—Ü–∏–µ–π 24/7
–ü–æ–¥–¥–µ—Ä–∂–∞—Ç—å –Ω–∞—Å –º–æ–∂–Ω–æ –∑–¥–µ—Å—å: https://t.co/JXgdHttELQ"
26,so_mad_so_funny,592892,,–£–∂–∞—Å–Ω—ã–µ –º–µ–º—ã,2018-08-13 18:31:35,–∫–µ–∫–Ω—É—Ç—ã–π
13,lgparfenov,51056,"–ú–æ—Å–∫–≤–∞, –†–æ—Å—Å–∏—è",–õ–µ–æ–Ω–∏–¥ –ü–∞—Ä—Ñ—ë–Ω–æ–≤,2019-09-20 07:38:08,"–ñ—É—Ä–Ω–∞–ª–∏—Å—Ç. Booking and commercial @iTabriz
+79852267676 (sms, what‚Äôs app), pr@tabriz.ru"
13,DominicRaab,314035,"London, England",Dominic Raab,2016-01-15 22:24:05,"MP for Esher and Walton, Foreign Secretary & First Secretary of State, father of two, boxing fan.
For constituents enquiries: dominic.raab.mp@parliament.uk"
13,newsbelarusby,1619,Minsk,Belarus Headlines,2014-06-16 08:02:08,Belarus News Headlines by Belarus Service of @RFERL @svaboda
13,Daily_minsk,15905,"–ë–µ–ª–∞—Ä—É—Å—å,–ú–∏–Ω—Å–∫",–î—ç–π–ª–∏ –ú–∏–Ω—Å–∫,2012-03-02 08:08:07,"–ë–ª–æ–≥ –æ –ú–∏–Ω—Å–∫–µ –≤ –≤–∏–¥–µ –ª–∏—á–Ω–æ–≥–æ –æ–ø—ã—Ç–∞  ‚ñ∂Ô∏è –æ–±–∑–æ—Ä—ã –Ω–∞ –º–µ—Å—Ç–∞  üíµ–ø–æ–∫—É–ø–∫–∏, –∞–∫—Ü–∏–∏, –º–∞–≥–∞–∑–∏–Ω—ã  üì∑ –∏–Ω—Ç–µ—Ä–µ—Å–Ω—ã–µ —Ä–∞–∫—É—Ä—Å—ã/—Ñ–æ—Ç–æ –≥–æ—Ä–æ–¥–∞"
12,kshmatsina,1768,,Katsiaryna Shmatsina,2015-08-15 14:03:57,#RethinkCEE Fellow @gmfus ‚Ä¢ Fellow @BISSOfficial ‚Ä¢ Ex @ABAesq ‚Ä¢ Proud alum @MaxwellSU ‚Ä¢ Connecting the dots between #Belarus & world ‚Äî shmatsina@protonmail.com
12,BelarusVoice,961,,BelarusVoice,2020-08-13 12:21:55,Spreading a word on the crisis in Belarus 2020
12,nau_belarus,163,,National Anti-Crisis Management,2020-11-17 18:53:17,We are acting to ensure the peaceful completion of functions by illegitimate authorities and transfer the power to the people in Belarus.
12,tikhondzyadko,156565,–ú–æ—Å–∫–≤–∞,Tikhon Dzyadko,2012-05-10 08:38:09,"–ì–ª–∞–≤–Ω—ã–π —Ä–µ–¥–∞–∫—Ç–æ—Ä —Ç–µ–ª–µ–∫–∞–Ω–∞–ª–∞ ""–î–æ–∂–¥—å"""
12,BelnovostiBy,42521,"–ë–µ–ª–∞—Ä—É—Å—å, –ú–∏–Ω—Å–∫",–ë–µ–ª–Ω–æ–≤–æ—Å—Ç–∏,2012-03-13 20:46:58,–ë–µ–ª–ù–æ–≤–æ—Å—Ç–∏ | –ù–æ–≤–æ—Å—Ç–∏ –ë–µ–ª–∞—Ä—É—Å–∏. –û—Ñ–∏—Ü–∏–∞–ª—å–Ω–∞—è –ø–æ—á—Ç–∞ belnovosti.by@yandex.ru VK:https://t.co/SKJFqm9Sjx FB:https://t.co/p8qyGj19kF
12,34magnet,8194,"Minsk, Belarus",34mag.net,2009-07-28 22:30:58,"–ú–µ–¥—ã—è, –≤—ã—Ö–∞–≤–∞–Ω–∞–µ –≤–∞—û–∫–∞–º—ñ. –ó—Ä–æ–±–ª–µ–Ω–∞ —û –ë–µ–ª–∞—Ä—É—Å—ñ. –ß—ã—Ç–∞–π —Ç–∞–∫—Å–∞–º–∞ –Ω–∞—à –ø—Ä–∞–µ–∫—Ç –ø—Ä–∞ –ø–∞–¥–∞—Ä–æ–∂–∂—ã @34travelby"
12,MaxStsefanovich,1618,–ë–µ–ª–∞—Ä—É—Å—å,–ú–∞–∫—Å–∏–º –°—Ç–µ—Ñ–∞–Ω–æ–≤–∏—á,2015-06-14 16:17:01,–ü–æ–ª–∏—Ç–æ–ª–æ–≥-–Ω–µ—é—Ä–∏—Å—Ç
24,EchoMskRu,1227751,"–ú–æ—Å–∫–≤–∞, –†–æ—Å—Å–∏—è",–≠—Ö–æ –ú–æ—Å–∫–≤—ã,2009-08-22 07:16:59,–≠—Ö–æ –ú–æ—Å–∫–≤—ã. –ú–Ω–µ–Ω–∏—è —Å–æ—Ç—Ä—É–¥–Ω–∏–∫–æ–≤ –º–æ–≥—É—Ç –Ω–µ —Å–æ–≤–ø–∞–¥–∞—Ç—å —Å –ø–æ–∑–∏—Ü–∏–µ–π —Ä–µ–¥–∞–∫—Ü–∏–∏. –ì–ª–∞–≤–Ω—ã–π @aavst üìªEcho of Moscow Radio üìé–¢–µ–ª–µ–≥—Ä–∞–º https://t.co/JFeIMfBvDk
12,SledcomRB,6800,–†–µ—Å–ø—É–±–ª–∏–∫–∞ –ë–µ–ª–∞—Ä—É—Å—å,–°–ª–µ–¥—Å—Ç–≤–µ–Ω–Ω—ã–π –∫–æ–º–∏—Ç–µ—Ç,2012-11-07 06:29:14,"Investigative Committee of the Republic of Belarus.

Instagram - https://t.co/yKuD9OdNhw"
12,Sergey_Elkin,119495,,Sergey Elkin,2009-12-09 09:36:15,–ü–æ–ª–∏—Ç–∏—á–µ—Å–∫–∞—è –∫–∞—Ä–∏–∫–∞—Ç—É—Ä–∞
12,j_matuzova,3553,–ë–µ–ª–∞—Ä—É—Å—å,julia,2012-08-04 08:29:51,–Æ–ª—è –ú√°—Ç—É–∑–æ–≤–∞. –ñ—É—Ä–Ω–∞–ª–∏—Å—Ç–∫–∞ (–ï–≤—Ä–æ—Ä–∞–¥–∏–æ). https://t.co/XH8ivnMln6. https://t.co/XbayOKzE0F
23,NevzorovAG,170864,–ü–∏—Ç–µ—Ä,–ê–ª–µ–∫—Å–∞–Ω–¥—Ä –ù–µ–≤–∑–æ—Ä–æ–≤,2012-04-08 14:49:08,"–†–µ–∂–∏—Å—Å–µ—Ä, –∂—É—Ä–Ω–∞–ª–∏—Å—Ç, –ø—É–±–ª–∏—Ü–∏—Å—Ç.https://t.co/zYyAKIrhe7 https://t.co/oABGMDKFlp telegram https://t.co/DNX4D0SNYi"
23,novaya_gazeta,523673,Moscow,–ù–æ–≤–∞—è –ì–∞–∑–µ—Ç–∞,2010-08-09 19:07:34,"–†–∞—Å—Å–∫–∞–∑—ã–≤–∞–µ–º —Ç–æ, –æ —á–µ–º –¥—Ä—É–≥–∏–µ –±–æ—è—Ç—Å—è –¥–∞–∂–µ –ø–æ–¥—É–º–∞—Ç—å"
23,StalinGulag,1074689,–ë—É—Ä—É–Ω–¥–∏,–°—Ç–∞–ª–∏–Ω–≥—É–ª–∞–≥,2009-02-15 11:35:43,–º–æ–π —é—Ç—É–±-–∫–∞–Ω–∞–ª https://t.co/TqNvPf3AT4
11,BelarusDigest,3282,Minsk and London,Belarus Digest,2010-02-27 11:31:21,"Belarus Digest provides non-partisan analysis of Belarusian politics, economy, human rights and Belarus-related events."
11,patrickstea,1574,nia viedaju,–∞—Ä—á—ã,2013-02-27 18:02:16,–±–∞–µ—Ü —ç–≤–∞–ª—é—Ü—ã—ñ (–Ω–∞–ø—ñ—Å–∞–Ω–∞ —è—à—á—ç —û 2017 –≥–æ–¥–∑–µ)
11,belapan,7767,,–ë–µ–ª–∞–ü–ê–ù,2009-05-04 10:34:27,–ê–∫—Ç—É–∞–ª—å–Ω—ã–µ –Ω–æ–≤–æ—Å—Ç–∏ –∏–∑ –ë–µ–ª–∞—Ä—É—Å–∏
22,Spoontamer,1261021,–ú–æ—Å–∫–≤–∞,–î–∞–Ω–∏–ª–∞ –ü–æ–ø–µ—Ä–µ—á–Ω—ã–π,2010-04-08 21:01:58,"–ù–û–í–´–ô STAND-UP #–°–ü–ï–®–õ—Ñ–æ–ö–ò–î–°!!!
https://t.co/HHIrXx5QL8"
11,sandumaiamd,11323,Moldova,Maia Sandu,2016-01-18 08:12:20,President of the Republic of Moldova
11,MichalSzczerba,86814,Warszawa,Micha≈Ç Szczerba,2009-07-21 21:00:37,Warszawiak. Pose≈Ç na Sejm. WiceprzewodniczƒÖcy Komisji Polityki Senioralnej. Komisja Sprawiedliwo≈õci i Praw Cz≈Çowieka. Zgromadzenie Parlamentarne NATO.‚úåÔ∏èüáµüá±üá™üá∫
11,t_felg,135875,,Tania Felgengauer,2010-08-29 15:10:34,"–≠—Ç–æ –ª–∏—á–Ω—ã–π —Ç–≤–∏—Ç—Ç–µ—Ä. –ó–¥–µ—Å—å —è –Ω–µ –Ω–∞ —Ä–∞–±–æ—Ç–µ, –ø–æ—ç—Ç–æ–º—É –Ω–µ –±—É–¥—É –ø—Ä–æ—Å–∏—Ç—å –ü–ª—é—â–µ–≤–∞ –≤–∞—Å —Ä–∞–∑–±–∞–Ω–∏—Ç—å."
11,Komissarenko,28398,Moscow,Slava Komissarenko,2010-09-01 18:48:33,–°—Ç–µ–Ω–¥–∞–ø-–∫–æ–º–∏–∫.
11,andreivaitovich,4397,Paris - Vilnius - Minsk,Andre√Ø VAITOVICH,2014-02-20 12:54:49,"Journaliste franco-b√©larusse | Ex. @euronews, @RFERL, @RFI"
21,LithuaniaMFA,82864,"Vilnius, Lithuania",Lithuania MFA,2010-12-14 12:35:51,This is the official account of the Ministry of Foreign Affairs of the Republic of #Lithuania. It is managed by the MFA Communications team. #LithuaniaMFA
21,mediazzzona,172530,–ú–æ—Å–∫–≤–∞,–ú–µ–¥–∏–∞–∑–æ–Ω–∞,2014-08-20 13:24:21,18+
10,by_kalesnikava,1022,,Maria Kalesnikava,2012-12-15 10:56:58,
10,positivehater1,2470,Republic of Belarus,Belarus in action,2020-01-19 08:08:16,"üî¥ LIVE UPDATES Follow us - follow Belarus!

Please, support us on Patreon:
https://t.co/3fSecg4PiY"
20,IlyaYashin,220718,"Moscow, Russia",–ò–ª—å—è –Ø—à–∏–Ω,2010-04-01 22:42:39,–ì–ª–∞–≤–∞ –º—É–Ω–∏—Ü–∏–ø–∞–ª—å–Ω–æ–≥–æ –æ–∫—Ä—É–≥–∞ –ö—Ä–∞—Å–Ω–æ—Å–µ–ª—å—Å–∫–∏–π
10,LithuanianGovt,13739,"Gedimino pr. 11, Vilnius",Lithuanian Government üá±üáπ,2009-05-20 12:33:41,The official Twitter account of the Government of the Republic of @Lithuania #Lietuva
10,by_mts,22419,–ë–µ–ª–∞—Ä—É—Å—å,–ú–¢–° –ë–µ–ª–∞—Ä—É—Å—å,2009-05-13 18:13:01,–ê—Ñi—Ü—ã–π–Ω—ã —Ç–≤i—Ç–∞—Ä –°–¢–ê–ê ¬´–ú–∞–±i–ª—å–Ω—ã—è –¢—ç–ª–µ–°i—Å—Ç—ç–º—ã¬ª
10,Ausrine0,4059,"Vilnius, Lithuania",Ausrine Armonaite,2012-06-08 20:42:57,Liberal | Minister of the Economy and Innovation of Lithuania | Member of Lithuanian Parliament @LRSeimas | Chairperson of @laisvespartija üá±üáπüá™üá∫
10,carlbildt,678158,,Carl Bildt,2009-01-02 10:14:07,Co-Chair European Council on Foreign Relations @ecfr. Among many other things. P√• svenska p√• @cbildt.
10,bela_rusophobia,1708,Republic of Belarus,–†—É—Å–æ—Ñ–æ–±–∏—è –≤ –ë–µ–ª–∞—Ä—É—Å–∏,2016-08-29 16:16:12,"–¢–µ, –∫—Ç–æ –∑–∞—Ç–µ–≤–∞—é—Ç —ç—Ç—É —Ä—É—Å–æ—Ñ–æ–±–∏—é, —Ä—É—Å–æ—Ñ–æ–±–∏—é –∑–∞—Ç–µ–≤–∞—é—Ç, –≤–æ—Ç —ç—Ç–æ –≤–æ—Ç —ç—Ç–æ, –∑–∞—Ç–µ–≤–∞—é—Ç –≤—Å—ë –≤–æ—Ç —ç—Ç–æ. –î–æ–∏–≥—Ä–∞–µ—Ç–µ—Å—å. –° —ç—Ç–æ–π —Ä—É—Å–æ—Ñ–æ–±–∏–µ–π, –∫–æ—Ç–æ—Ä—É—é –≤—ã –∑–∞—Ç–µ–≤–∞–µ—Ç–µ."
20,EmmanuelMacron,6806071,France,Emmanuel Macron,2013-10-20 19:35:28,Pr√©sident de la R√©publique fran√ßaise.
10,prof_preobr,111708,,–ü—Ä–æ—Ñ. –ü—Ä–µ–æ–±—Ä–∞–∂–µ–Ω—Å–∫–∏–π,2017-04-16 14:13:56,"–ó–∞–ø–æ–º–Ω–∏—Ç–µ: –≤—ã –¥–æ–ª–∂–Ω—ã –º–æ–ª—á–∞—Ç—å –∏ —Å–ª—É—à–∞—Ç—å, –º–æ–ª—á–∞—Ç—å –∏ —Å–ª—É—à–∞—Ç—å, —á—Ç–æ –≤–∞–º –≥–æ–≤–æ—Ä—è—Ç!"
20,aavst,741669,,–ê–ª–µ–∫—Å–µ–π –í–µ–Ω–µ–¥–∏–∫—Ç–æ–≤,2010-12-18 13:12:15,"Alexey Venediktov | Echo of Moscow radio | –≠—Ö–æ –ú–æ—Å–∫–≤—ã @echomskru  –†–µ—Ç–≤–∏—Ç –Ω–µ –æ–∑–Ω–∞—á–∞–µ—Ç –æ–¥–æ–±—Ä–µ–Ω–∏—è —Ç–≤–∏—Ç–∞. –ò–≥–Ω–æ—Ä –æ–∑–Ω–∞—á–∞–µ—Ç, —á—Ç–æ –∏–≥–Ω–æ—Ä–∏—Ä—É–µ–º—ã–π –º–Ω–µ –ø—Ä–æ—Å—Ç–æ –Ω–µ–∏–Ω—Ç–µ—Ä–µ—Å–µ–Ω."
10,mkbelarus,6243,–ë–µ–ª–∞—Ä—É—Å—å,–£—Å—ã –õ—É–∫–∞—à–µ–Ω–∫–æ,2014-01-13 09:21:47,"–ù–∞ –Ω–∞—à–µ–º –∫–∞–Ω–∞–ª–µ –±—É–¥—É—Ç –≤—ã—Ö–æ–¥–∏—Ç—å —Ä–∞–∑–Ω–æ–≥–æ —Ö–∞—Ä–∞–∫—Ç–µ—Ä–∞ –≤–∏–¥–µ–æ –ø—Ä–æ –ë–µ–ª–∞—Ä—É—Å—å –∏ –Ω–µ —Ç–æ–ª—å–∫–æ

https://t.co/OA1EMypfdj https://t.co/SasazHjcLR"
10,fe_city_boy,217528,–ú–æ—Å–∫–≤–∞,–î–µ–Ω–∏—Å –ß—É–∂–æ–π,2011-02-11 20:54:18,–°—Ç–µ–Ω–¥–∞–ø-–∫–æ–º–∏–∫. –ú–æ–π –∫–æ–Ω—Ü–µ—Ä—Ç ¬´–í–µ—á–µ—Ä —Å–µ–º–µ–π–Ω–æ–π –∫–æ–º–µ–¥–∏–∏¬ª –º–æ–∂–Ω–æ –ø–æ—Å–º–æ—Ç—Ä–µ—Ç—å –ø–æ —Å—Å—ã–ª–∫–µ –Ω–∏–∂–µ.
20,leprasorium,1615212,Default City,–õ–µ–ø—Ä–∞,2014-06-19 20:30:45,–•—É–µ–ø—Ä–∞. –î–æ–±—Ä–æ –ø–æ–∂–∞–ª–æ–≤–∞—Ç—å –æ—Ç—Å—é–¥–∞ ü¶Ñü¶Ñü¶Ñ –ù–∞–ø–∏—Å–∞—Ç—å –∞–¥–º–∏–Ω—É: https://t.co/Od6fBy935D #–≤–∫–æ–º–º–µ–Ω—Ç—ã
20,pevchikh,105241,,Maria Pevchikh,2014-10-08 02:21:10,"–†—É–∫–æ–≤–æ–¥–∏—Ç–µ–ª—å–Ω–∏—Ü–∞ –û—Ç–¥–µ–ª–∞ –†–∞—Å—Å–ª–µ–¥–æ–≤–∞–Ω–∏–π –§–ë–ö

""–∂–µ–Ω—â–∏–Ω–∞ —Å –Ω–µ–ø—Ä–æ–∑—Ä–∞—á–Ω–æ–π –∂–∏–∑–Ω–µ–Ω–Ω–æ–π –∏—Å—Ç–æ—Ä–∏–µ–π –∏ –≤–µ—Å—å–º–∞ –∏–Ω—Ç–µ—Ä–µ—Å–Ω—ã–º–∏ —Ñ–∞–∫—Ç–∞–º–∏ –≤ –±–∏–æ–≥—Ä–∞—Ñ–∏–∏"""
19,fbkinfo,110087,–ú–æ—Å–∫–≤–∞,–§–ë–ö,2014-03-16 23:13:07,"–¢–≤–∏—Ç—Ç–µ—Ä –§–æ–Ω–¥–∞ –±–æ—Ä—å–±—ã —Å –∫–æ—Ä—Ä—É–ø—Ü–∏–µ–π. –ü–æ –º–Ω–µ–Ω–∏—é –ú–∏–Ω—é—Å—Ç–∞, –≤—Å–µ –º–∞—Ç–µ—Ä–∏–∞–ª—ã –∑–¥–µ—Å—å —Ä–∞–∑–º–µ—â–∞–µ—Ç ¬´–Ω–µ–∫–æ–º–º–µ—Ä—á–µ—Å–∫–∞—è –æ—Ä–≥–∞–Ω–∏–∑–∞—Ü–∏—è, –≤—ã–ø–æ–ª–Ω—è—é—â–∞—è —Ñ—É–Ω–∫—Ü–∏–∏ –∏–Ω–æ—Å—Ç—Ä–∞–Ω–Ω–æ–≥–æ –∞–≥–µ–Ω—Ç–∞¬ª."
19,CurrentTimeTv,82884,,–ù–∞—Å—Ç–æ—è—â–µ–µ –í—Ä–µ–º—è,2014-09-08 12:09:04,"–ü–æ-—á–µ—Å—Ç–Ω–æ–º—É –æ–±–æ –≤—Å–µ–º, —á—Ç–æ –ø—Ä–æ–∏—Å—Ö–æ–¥–∏—Ç –≤ –ø–æ—Å—Ç—Å–æ–≤–µ—Ç—Å–∫–∏—Ö —Å—Ç—Ä–∞–Ω–∞—Ö"
18,ioannZH,93354,–ú–æ—Å–∫–≤–∞ - –ù–∞—Ä—å—è–Ω-–ú–∞—Ä - –†–æ—Å—Ç–æ–≤,Ivan Zhdanov,2012-01-11 11:38:35,–î–∏—Ä–µ–∫—Ç–æ—Ä –§–ë–ö / Director of Anti-Corruption Foundation @fbkinfo https://t.co/HGpA4FQx58 https://t.co/CerN18VVxE
18,durov,1361245,EU,Pavel Durov,2008-09-27 00:12:22,"Founder, CEO at @telegram (2013), founder, ex-CEO of @vkontakte (2006), part-time troll."
17,JosepBorrellF,195382,Brussels,Josep Borrell Fontelles,2018-06-05 07:04:31,High Representative of the EU for Foreign Affairs and Security Policy/Vice-President of @eu_commission #EUdiplomacy @eu_eeas My blog: https://t.co/isaaoLI4bK
17,KremlinRussia,3447791,"–ú–æ—Å–∫–≤–∞, –†–æ—Å—Å–∏—è",–ü—Ä–µ–∑–∏–¥–µ–Ω—Ç –†–æ—Å—Å–∏–∏,2010-06-23 07:02:23,–ö—Ä–µ–º–ª—å. –û—Ñ–∏—Ü–∏–∞–ª—å–Ω—ã–µ –Ω–æ–≤–æ—Å—Ç–∏
17,McFaul,560697,"Stanford, California",Michael McFaul,2012-01-03 16:36:02,Professor.  https://t.co/DK5gWIaFX5
17,chich_8,150797,,–ß–∏—á–≤–∞—Ä–∫–∏–Ω –ï–≤–≥–µ–Ω–∏–π,2014-10-15 16:35:00,
16,urgantcom,4499969,"Moscow, Russia",Ivan Urgant,2010-02-15 20:38:49,"–í–µ—á–µ—Ä–Ω–∏–π –£—Ä–≥–∞–Ω—Ç, –ü–µ—Ä–≤—ã–π –∫–∞–Ω–∞–ª"
16,ru_rbc,363500,–ú–æ—Å–∫–≤–∞,–†–ë–ö,2011-03-21 12:26:15,"–í—Å—ë –ø—Ä–æ —ç–∫–æ–Ω–æ–º–∏–∫—É –∏ –ø–æ–ª–∏—Ç–∏–∫—É –¥–ª—è —Å–∞–º—ã—Ö —Ä–∞–∑–Ω—ã—Ö –ª—é–¥–µ–π.
–†–ë–ö –≤ –¢–µ–ª–µ–≥—Ä–∞–º–µ ‚Äî https://t.co/oj9ckUF9GX"
15,drunktwi,2645642,,–ü—å—è–Ω—ã–π –¢–≤–∏—Ç—Ç–µ—Ä,2010-08-27 20:21:14,"–ü—å—è–Ω—ã–π –¢–≤–∏—Ç—Ç–µ—Ä –ø—Ä–µ–≤—Ä–∞—â–∞–µ—Ç –∫–∞–∂–¥—ã–π –¥–µ–Ω—å –≤ –ø—Ä–∞–∑–¥–Ω–∏–∫, —É–ª—É—á—à–∞–µ—Ç –∫—Ä–æ–≤–æ–æ–±—Ä–∞—â–µ–Ω–∏–µ –∏ —Å–Ω–∏–º–∞–µ—Ç —Å—Ç—Ä–µ—Å—Å. –ú–æ—è —ç–ª–µ–∫—Ç—Ä–æ–ø–æ—á—Ç–∞ - adv.dimaruru@gmail.com"
15,roizmangbn,499871,–ï–∫–∞—Ç–µ—Ä–∏–Ω–±—É—Ä–≥,–ï–≤–≥–µ–Ω–∏–π –†–æ–π–∑–º–∞–Ω,2010-10-07 15:27:57,–§–æ–Ω–¥ –†–æ–π–∑–º–∞–Ω–∞: @roizmanfond
15,leonidvolkov,270279,Moscow,Leonid Volkov,2009-09-13 13:56:42,–†—É–∫–æ–≤–æ–¥–∏—Ç–µ–ª—å —Å–µ—Ç–∏ —Ä–µ–≥–∏–æ–Ω–∞–ª—å–Ω—ã—Ö —à—Ç–∞–±–æ–≤ –ê–ª–µ–∫—Å–µ—è –ù–∞–≤–∞–ª—å–Ω–æ–≥–æ; –æ—Å–Ω–æ–≤–∞—Ç–µ–ª—å –û–±—â–µ—Å—Ç–≤–∞ –ó–∞—â–∏—Ç—ã –ò–Ω—Ç–µ—Ä–Ω–µ—Ç–∞ // https://t.co/hY647oaTLy // https://t.co/R1q2cnd0rE
14,NASAPersevere,2638951,"Jezero Crater, Mars",NASA's Perseverance Mars Rover,2020-02-26 21:43:46,"NASA Mars rover. Launch: July 30, 2020. Landing: Feb. 18, 2021. Hobbies: Photography, collecting rocks, off-roading. üöÄ Team HQ @NASAJPL"
14,EvgenComedian,743047,,BadComedian,2011-07-20 19:52:28,"–ß–µ–ª–æ–≤–µ–∫, –∫–æ—Ç–æ—Ä—ã–π —Å–º–æ—Ç—Ä–∏—Ç —Å–ª–∏—à–∫–æ–º –º–Ω–æ–≥–æ –ø–ª–æ—Ö–∏—Ö —Ñ–∏–ª—å–º–æ–≤. –Æ–º–æ—Ä. –ò—Ä–æ–Ω–∏—è. –õ—é–±–æ–≤—å –∫ –±–ª–∏–∂–Ω–µ–º—É."
14,eucopresident,1191219,EU,Charles Michel,2010-09-30 12:07:59,"Twitter channel of Charles Michel, President of the European Council. Managed by the media team @EUCouncil. Personal account: @CharlesMichel"
14,Podslyshano,2323861,,–ü–æ–¥—Å–ª—É—à–∞–Ω–æ –≤ —Ç–≤–∏—Ç–æ—Ä–µ,2012-10-04 08:53:20,
14,bellingcat,363404,,Bellingcat,2014-01-28 13:36:59,"Want to support our charity? https://t.co/scuUINEvTN

Buy our book ""We Are Bellingcat"" here: https://t.co/2JiuWFfTpO

Our award-winning podcast series: https://t.co/S1rflrkXue"
14,HeikoMaas,447096,Saarlouis/Berlin,Heiko Maas üá™üá∫,2009-03-13 11:37:00,Bundesau√üenminister & Saarl√§nder. MdB f√ºr den WK297 (Saarlouis). Hier twittert haupts√§chlich das Team von Heiko Maas. | Impressum: https://t.co/I2TH1m1pdc
14,euronewsru,32173,–ï–≤—Ä–æ–ø–∞,Euronews –Ω–∞ —Ä—É—Å—Å–∫–æ–º,2011-04-18 14:21:02,C–∞–º—ã–π –ø–æ–ø—É–ª—è—Ä–Ω—ã–π –Ω–æ–≤–æ—Å—Ç–Ω–æ–π –∫–∞–Ω–∞–ª –≤ –ï–≤—Ä–æ–ø–µ
13,MedvedevRussia,4640251,"–†–æ—Å—Å–∏—è, –ú–æ—Å–∫–≤–∞",–î–º–∏—Ç—Ä–∏–π –ú–µ–¥–≤–µ–¥–µ–≤,2010-06-09 14:56:12,–ó–∞–º–µ—Å—Ç–∏—Ç–µ–ª—å –ü—Ä–µ–¥—Å–µ–¥–∞—Ç–µ–ª—è –°–æ–≤–µ—Ç–∞ –ë–µ–∑–æ–ø–∞—Å–Ω–æ—Å—Ç–∏ –†–æ—Å—Å–∏–π—Å–∫–æ–π –§–µ–¥–µ—Ä–∞—Ü–∏–∏. –ê–∫–∫–∞—É–Ω—Ç –Ω–∞ –∞–Ω–≥–ª–∏–π—Å–∫–æ–º - @MedvedevRussiaE
13,MID_RF,1165499,–ú–æ—Å–∫–≤–∞,–ú–ò–î –†–æ—Å—Å–∏–∏ üá∑üá∫,2011-02-21 13:46:34,"–û—Ñ–∏—Ü–∏–∞–ª—å–Ω—ã–π –∞–∫–∫–∞—É–Ω—Ç –ú–ò–î –†–æ—Å—Å–∏–∏ üá∑üá∫ (For tweets in English - @MFA_Russia, Cuenta en Espa√±ol - @MAE_Rusia, ÿµŸÅÿ≠ÿ© ÿ®ÿßŸÑŸÑÿ∫ÿ© ÿßŸÑÿπÿ±ÿ®Ÿäÿ© - @russia_ar )"
13,MBKhMedia,191277,"–ú–æ—Å–∫–≤–∞, –†–æ—Å—Å–∏—è",–ú–ë–• –º–µ–¥–∏–∞,2014-08-23 13:40:01,"–°–≤–æ–±–æ–¥–Ω–∞—è –∏–Ω—Ñ–æ—Ä–º–∞—Ü–∏—è –¥–ª—è —Å–≤–æ–±–æ–¥–Ω—ã—Ö –ª—é–¥–µ–π. –ù–∞—à Telegram: https://t.co/TTvsFWhcPU

18+

–°–ª–µ–¥—É–π—Ç–µ –∑–∞ @yoshkinkrot –∏ @openworldglobal
–û–Ω–ª–∞–π–Ω—ã —Å —Å—É–¥–æ–≤: @mbk_media_court"
12,RuslanUsachev,1104010,,–†—É—Å–ª–∞–Ω –£—Å–∞—á–µ–≤,2010-03-30 00:27:10,–†—É—Å–ª–∞–Ω since 1989
12,alburov,157826,Moscow,–ì–µ–æ—Ä–≥–∏–π –ê–ª–±—É—Ä–æ–≤,2009-06-16 22:12:52,–û—Ç–¥–µ–ª —Ä–∞—Å—Å–ª–µ–¥–æ–≤–∞–Ω–∏–π –§–æ–Ω–¥–∞ –±–æ—Ä—å–±—ã —Å –∫–æ—Ä—Ä—É–ø—Ü–∏–µ–π // –ü–∞—Ä—Ç–∏—è –ü—Ä–æ–≥—Ä–µ—Å—Å–∞ // g@alburov.ru // telegram: @georg // instagram: https://t.co/81PNR5MfT7
12,KermlinRussia,1680291,"–†–æ–∏—Å—Å—è, –≤–ø–µ—Ä–¥–µ",–üe—Ä–∑–∏–¥–µ–Ω—Ç –†–æ–∏—Å—Å–∏,2010-06-25 02:08:01,–û—Ñ–∏—Ü–∏–∞–ª—å–Ω—ã–π twitter-–∞–∫–∫–∞—É–Ω—Ç –ü–µ—Ä–∑–∏–¥–µ–Ω—Ç–∞ –†–æ–∏—Å—Å–∏.
12,HistoryFoto,450248,,–ò—Å—Ç–æ—Ä–∏—á–µ—Å–∫–∏–µ –§–æ—Ç–æ,2013-11-08 10:58:42,Historicana ‚Äì¬†–∏—Å—Ç–æ—Ä–∏—è —á–µ–ª–æ–≤–µ—á–µ—Å—Ç–≤–∞ –≤ —Ñ–æ—Ç–æ–≥—Ä–∞—Ñ–∏—è—Ö
12,wylsacom,1235070,Cupertino,Wylsacom,2011-04-18 19:21:16,"[18++] –¢–≤–∏—Ç—Ç–µ—Ä –ª—é–±–≤–∏. –ö–æ–º–º–µ—Ä—á–µ—Å–∫–∏–µ –∑–∞–ø—Ä–æ—Å—ã, —Ä–µ–∫–ª–∞–º–∞ —Ç—É—Ç: adwylsa@gmail.com"
12,anneapplebaum,340967,"Warsaw, London, Washington",Anne Applebaum,2011-05-11 23:00:23,Staff writer @TheAtlantic. Senior Fellow @SAISHopkins and @SNFAgoraJHU. My new book is Twilight of Democracy: the Seductive Lure of Authoritarianism
11,RussianMemesLtd,307223,,Russian Memes United,2018-06-19 12:46:41,"Translated Russian memes in their full entirety. –ü–æ—Å–æ–ª —Ä—É—Å—Å–∫–æ—è–∑—ã—á–Ω–æ–≥–æ —é–º–æ—Ä–∞ –Ω–∞ –º–µ–∂–¥—É–Ω–∞—Ä–æ–¥–Ω–æ–π –∞—Ä–µ–Ω–µ

Follow my new projects @Russia_NC and @RuPolitics_NC"
11,donaldtusk,1250242,"Brussel, Belgi√´",Donald Tusk,2011-09-17 15:51:48,Oficjalny profil Donalda Tuska. The official profile of Donald Tusk.
11,literabook,2186388,,–õ–∏—Ç–µ—Ä–∞—Ç—É—Ä–∞,2012-01-06 15:47:17,"–°–∞–º–æ–µ –∏–Ω—Ç–µ—Ä–µ—Å–Ω–æ–µ, —á—Ç–æ –µ—Å—Ç—å –Ω–∞ –∑–µ–º–ª–µ - —ç—Ç–æ —á–µ–ª–æ–≤–µ–∫. –ü–æ –≤—Å–µ–º –≤–æ–ø—Ä–æ—Å–∞–º adv.dimaruru@gmail.com"
11,VRSoloviev,1403058,Moscow,Vladimir Soloviev,2010-05-22 15:55:38,https://t.co/2FXUfgvo9s
11,vkaramurza,74012,–ú–æ—Å–∫–≤–∞ / Moscow,Vladimir Kara-Murza,2011-09-21 03:56:53,"–ü—Ä–µ–¥—Å–µ–¥–∞—Ç–µ–ª—å –§–æ–Ω–¥–∞ –ë–æ—Ä–∏—Å–∞ –ù–µ–º—Ü–æ–≤–∞ –∑–∞ —Å–≤–æ–±–æ–¥—É / Chairman, Boris Nemtsov Foundation for Freedom"
10,Nat_Vasilyeva,32097,Moscow,Nataliya Vasilyeva,2010-03-30 10:34:40,"Moscow correspondent for @Telegraph; @AP survivor. –ö–æ—Ä—Ä–µ—Å–ø–æ–Ω–¥–µ–Ω—Ç –≥–∞–∑–µ—Ç—ã ""–î—ç–π–ª–∏ –¢–µ–ª–µ–≥—Ä–∞—Ñ"" –≤ –ú–æ—Å–∫–≤–µ."
10,habr_com,411462,Moscow,–•–∞–±—Ä,2008-12-17 15:41:34,–°–æ–æ–±—â–µ—Å—Ç–≤–æ IT-—Å–ø–µ—Ü–∏–∞–ª–∏—Å—Ç–æ–≤. Just do IT.
10,amnesty,1792227,Global,Amnesty International,2008-12-18 11:54:20,Freedom. Justice. Equality. Let's get to work.
10,EUCouncil,581065,"Brussels, Belgium",EU Council,2010-10-23 15:22:50,"27 EU governments making decisions together in the European Council & Council of the EU. Learn, participate, share. Latest news @eucouncilpress #eucouncil #euco"
10,MorawieckiM,359386,,Mateusz Morawiecki,2017-12-08 08:47:59,Prezes Rady Ministr√≥w üáµüá±
10,EchoMskNews,262474,Moscow,–ù–æ–≤–æ—Å—Ç–∏ –≠—Ö–æ –ú–æ—Å–∫–≤—ã,2009-08-25 08:26:22,–ù–æ–≤–æ—Å—Ç–∏ –≠—Ö–æ –ú–æ—Å–∫–≤—ã ||| Echo of Moscow Radio News
10,Film_quotes__,1242222,,–¶–∏—Ç–∞—Ç—ã –∏–∑ —Ñ–∏–ª—å–º–æ–≤,2011-05-09 12:16:25,–õ—É—á—à–∏–µ —Ü–∏—Ç–∞—Ç—ã –∏–∑ —Ñ–∏–ª—å–º–æ–≤! –û—Ç–¥—ã—Ö–∞–π—Ç–µ –≤–º–µ—Å—Ç–µ —Å –Ω–∞–º–∏!               –ü–æ –≤—Å–µ–º –≤–æ–ø—Ä–æ—Å–∞–º adv.dimaruru@gmail.com
19,TheEconomist,25568852,London,The Economist,2007-05-12 13:04:50,News and analysis with a global perspective. Subscribe here: https://t.co/KCCoA2WEZ7
7,rianru,2708394,Russia,–†–ò–ê –ù–æ–≤–æ—Å—Ç–∏,2009-04-22 05:54:08,"–û—Ñ–∏—Ü–∏–∞–ª—å–Ω—ã–π –∞–∫–∫–∞—É–Ω—Ç —Å–∞–π—Ç–∞ https://t.co/7O6yCVPHzN, –ú–ò–ê –†–æ—Å—Å–∏—è —Å–µ–≥–æ–¥–Ω—è. –ß–∏—Ç–∞–π—Ç–µ —Ç–∞–∫–∂–µ @riabreakingnews"
7,topcitat,862957,,–í–µ–ª–∏–∫–∏–µ —Å–ª–æ–≤–∞,2013-02-11 13:46:43,"–¶–∏—Ç–∞—Ç—ã, —É–º–Ω—ã–µ –º—ã—Å–ª–∏, –∞—Ñ–æ—Ä–∏–∑–º—ã. –í—Å–µ –ª—É—á—à–µ–µ –∑–¥–µ—Å—å!                –ü–æ –≤—Å–µ–º –≤–æ–ø—Ä–æ—Å–∞–º adv.dimaruru@gmail.com"
7,mnzadornov,2477303,,–ó–ê–î–û–†–ù–û–í–∞ –∫–æ–º–∞–Ω–¥–∞,2010-06-30 06:52:56,–û—Ñ–∏—Ü–∏–∞–ª—å–Ω—ã–π –∞–∫–∫–∞—É–Ω—Ç –ú–∏—Ö–∞–∏–ª–∞ –ó–∞–¥–æ—Ä–Ω–æ–≤–∞ –ø—Ä–æ–¥–æ–ª–∂–∞—é—Ç –≤–µ—Å—Ç–∏ –µ–≥–æ –¥—Ä—É–∑—å—è. ¬´–¢–≤–∏—Ç—Ç–æ–ø–∏—Å–µ—Ü¬ª —Å 2015 –≥. ‚Äî –ì–∞—Ä—Ä–∏ –ü–æ–ª—å—Å–∫–∏–π.
6,5umm,3123654,,5 —É–º–Ω—ã—Ö –º—ã—Å–ª–µ–π,2011-03-05 08:20:50,#—Ü–∏—Ç–∞—Ç—ã #–º—ã—Å–ª–∏ #–∞—Ñ–æ—Ä–∏–∑–º—ã
5,NATO,774267,"Brussels, Belgium",NATO,2009-10-20 07:56:40,Official Twitter account of NATO - the North Atlantic Treaty Organization. #NATO #WeAreNATO
5,interfax_news,542500,,–ò–Ω—Ç–µ—Ä—Ñ–∞–∫—Å,2010-05-25 13:57:39,–ù–æ–≤–æ—Å—Ç–∏ ''–ò–Ω—Ç–µ—Ä—Ñ–∞–∫—Å–∞''
5,GoogleRussia,2013430,,Google –†–æ—Å—Å–∏—è,2009-07-02 07:34:03,–ù–æ–≤–æ—Å—Ç–∏ –∏ —Ñ–∞–∫—Ç—ã –æ—Ç Google –†–æ—Å—Å–∏—è.
5,KremlinRussia_E,912759,"Moscow, Russian Federation",President of Russia,2010-10-21 08:06:17,Official Kremlin news
5,ForbesRussia,1873079,"Moscow, Russia",ForbesRussia,2009-10-24 12:54:47,"–ò–Ω—Å—Ç—Ä—É–º–µ–Ω—Ç —É—Å–ø–µ—Ö–∞. 
Forbes –ø–∏—à–µ—Ç –æ–± –∏—Å—Ç–æ—Ä–∏—è—Ö —É—Å–ø–µ—Ö–∞ –∏ –ø–æ—Ä–∞–∂–µ–Ω–∏–π –ø—Ä–µ–¥–ø—Ä–∏–Ω–∏–º–∞—Ç–µ–ª–µ–π, –Ω–æ–≤—ã—Ö –∏–¥–µ—è—Ö –¥–ª—è –±–∏–∑–Ω–µ—Å–∞ –∏ –∏–Ω–≤–µ—Å—Ç–∏—Ü–∏–π, –ø—É–±–ª–∏–∫—É–µ—Ç –∞–≤—Ç–æ—Ä–∏—Ç–µ—Ç–Ω—ã–µ —Ä–µ–π—Ç–∏–Ω–≥–∏."
5,kommersant,256816,"–ü—Ä–µ—Å–Ω–µ–Ω—Å–∫–∞—è –Ω–∞–±., 10, –±–ª–æ–∫ C",–ö–æ–º–º–µ—Ä—Å–∞–Ω—Ç—ä,2012-10-11 18:24:14,–û—Ñ–∏—Ü–∏–∞–ª—å–Ω—ã–π —Ç–≤–∏—Ç—Ç–µ—Ä –ö–æ–º–º–µ—Ä—Å–∞–Ω—Ç—ä-Online ‚Äî kommersant.ru
5,lentaruofficial,1173969,"Moscow, Russia",–õ–µ–Ω—Ç–∞.—Ä—É,2010-12-20 09:59:57,"–ì–ª–∞–≤–Ω—ã–µ –Ω–æ–≤–æ—Å—Ç–∏, –∏—Å—Ç–æ—Ä–∏–∏ –∏ –≤–∏–¥–µ–æ —Å–æ –≤—Å–µ–≥–æ –∏–Ω—Ç–µ—Ä–Ω–µ—Ç–∞. 

–ú—ã –≤ –¢–µ–ª–µ–≥—Ä–∞–º–µ: https://t.co/yQhfyTjzlx

–î–ª—è —Å–≤—è–∑–∏: smm@lenta-co.ru"
11,BorisJohnson,3403120,United Kingdom,Boris Johnson,2015-04-01 20:15:49,Prime Minister of the United Kingdom and @Conservatives leader. Member of Parliament for Uxbridge and South Ruislip.
10,UNHumanRights,3352316,"Geneva, Switzerland",UN Human Rights,2009-08-27 07:34:10,The United Nations #HumanRights office is led by High Commissioner @MBachelet. Follow us on FB & IG at *unitednationshumanrights*. #StandUp4HumanRights
4,Zhirinovskiy,1398428,,–í–ª–∞–¥–∏–º–∏—Ä –ñ–∏—Ä–∏–Ω–æ–≤—Å–∫–∏–π,2010-01-18 12:02:45,–ß–ª–µ–Ω –ì–æ—Å—Å–æ–≤–µ—Ç–∞ –†–§. –ü—Ä–µ–¥—Å–µ–¥–∞—Ç–µ–ª—å –õ–î–ü–†. –†—É–∫–æ–≤–æ–¥–∏—Ç–µ–ª—å —Ñ—Ä–∞–∫—Ü–∏–∏ –õ–î–ü–† –≤ –ì–æ—Å—É–¥–∞—Ä—Å—Ç–≤–µ–Ω–Ω–æ–π –¥—É–º–µ –§–µ–¥–µ—Ä–∞–ª—å–Ω–æ–≥–æ —Å–æ–±—Ä–∞–Ω–∏—è –†–§.
4,GazetaRu,1886079,–ú–æ—Å–∫–≤–∞,–ì–∞–∑–µ—Ç–∞.Ru,2009-04-17 14:19:56,"–ú—ã —Ç–∞–º, –≥–¥–µ –≤—ã.
–ü–æ–¥–ø–∏—Å—ã–≤–∞–π—Ç–µ—Å—å –≤ –¢–µ–ª–µ–≥—Ä–∞–º–µ: https://t.co/5af3yXdVVE"
4,Aleksei_Kudrin,791332,,–ê–ª–µ–∫—Å–µ–π –ö—É–¥—Ä–∏–Ω,2011-12-15 13:28:31,"–ü—Ä–µ–¥—Å–µ–¥–∞—Ç–µ–ª—å –°—á–µ—Ç–Ω–æ–π –ø–∞–ª–∞—Ç—ã –†–§ (@ach_gov_ru), —á–ª–µ–Ω –ö–æ–º–∏—Ç–µ—Ç–∞ –≥—Ä–∞–∂–¥–∞–Ω—Å–∫–∏—Ö –∏–Ω–∏—Ü–∏–∞—Ç–∏–≤, –¥–µ–∫–∞–Ω —Ñ–∞–∫—É–ª—å—Ç–µ—Ç–∞ —Å–≤–æ–±–æ–¥–Ω—ã—Ö –∏—Å–∫—É—Å—Å—Ç–≤ –∏ –Ω–∞—É–∫ –°–ü–±–ì–£"
4,10DowningStreet,5878424,"10 Downing Street, London",UK Prime Minister,2008-03-26 11:16:02,"Official page for Prime Minister @BorisJohnson's office, based at 10 Downing Street"
4,TEDTalks,11447552,"New York, NY",TED Talks,2008-07-19 13:22:50,"TED is a nonprofit devoted to spreading ideas. üî¥  Help build a better future, become a TED Member today: https://t.co/NSSThTmhbv"
4,vesti_news,3058612,Russia,–í–ï–°–¢–ò,2009-09-08 10:53:39,–û—Ñ–∏—Ü–∏–∞–ª—å–Ω—ã–π –∞–∫–∫–∞—É–Ω—Ç —Å–∞–π—Ç–∞ –í–µ—Å—Ç–∏.Ru
4,RealVolya,4267478,,–ü–∞–≤–µ–ª –í–æ–ª—è,2010-09-29 17:25:43,–í—Ç–æ—Ä–∞—è —á–∞—Å—Ç—å –º–æ–µ–≥–æ –∞—É–¥–∏–æ–∞–ª—å–±–æ–º —Å–æ —Å—Ç–∏—Ö–∞–º–∏ —É–∂–µ –Ω–∞ –≤—Å–µ—Ö –ø–ª–æ—â–∞–¥–∫–∞—Ö. –ü–æ—Å–ª—É—à–∞—Ç—å: https://t.co/CBWkaKNEzB
4,Vedomosti,735528,–†–æ—Å—Å–∏—è,–í–µ–¥–æ–º–æ—Å—Ç–∏,2009-02-10 19:23:21,–û—Ñ–∏—Ü–∏–∞–ª—å–Ω—ã–π –∞–∫–∫–∞—É–Ω—Ç –¥–µ–ª–æ–≤–æ–≥–æ –∏–∑–¥–∞–Ω–∏—è ¬´–í–µ–¥–æ–º–æ—Å—Ç–∏¬ª
4,channelone_rus,3015638,Russia,–ü–µ—Ä–≤—ã–π –∫–∞–Ω–∞–ª,2009-12-28 10:30:23,–û—Ñ–∏—Ü–∏–∞–ª—å–Ω—ã–π Twitter –∞–∫–∫–∞—É–Ω—Ç –ü–µ—Ä–≤–æ–≥–æ –∫–∞–Ω–∞–ª–∞ –†–æ—Å—Å–∏–∏
4,tass_agency,475815,"Russia, Moscow",–¢–ê–°–°,2011-04-21 09:55:20,–í—Å–µ–≥–¥–∞ –≤ —Ä–µ–∞–ª—å–Ω–æ–º –≤—Ä–µ–º–µ–Ω–∏.
9,tim_cook,12719506,Cupertino,Tim Cook,2013-07-31 22:41:25,"Apple CEO Ô£ø Auburn üèÄ üèà Duke üèÄ National Parks üèûÔ∏è ‚ÄúLife's most persistent and urgent question is, 'What are you doing for others?'‚Äù - MLK. he/him"
8,DrBiden,4237643,,Dr. Jill Biden,2017-01-18 18:21:02,Lifelong educator. Military mother. Grandmother. Sister. Wife to @JoeBiden.
3,Garik2000,2849862,,–ì–∞—Ä–∏–∫ –•–∞—Ä–ª–∞–º–æ–≤,2011-07-22 19:02:28,–ü–æ –≤–æ–ø—Ä–æ—Å–∞–º —Å–æ—Ç—Ä—É–¥–Ω–∏—á–µ—Å—Ç–≤–∞: +79295000006 –ê–ª–µ–∫—Å–µ–π.
3,riabreakingnews,461226,,–†–ò–ê –ù–æ–≤–æ—Å—Ç–∏,2010-05-13 05:03:16,–°—Ä–æ—á–Ω—ã–µ —Å–æ–æ–±—â–µ–Ω–∏—è –†–ò–ê –ù–æ–≤–æ—Å—Ç–∏. –ß–∏—Ç–∞–π—Ç–µ —Ç–∞–∫–∂–µ @rianru
3,ntvru,1609103,,–ù–¢–í,2009-02-10 12:35:57,"–õ—É—á—à–µ–µ –æ—Ç –ù–¢–í: –ø–æ–ª—É—á–∞–π —Å—Ä–∞–∑—É –≤—Å–µ ‚Äî –Ω–æ–≤–æ—Å—Ç–∏, –≤–∏–¥–µ–æ, —Ñ–æ—Ç–æ, —Ç—Ä–∞–Ω—Å–ª—è—Ü–∏–∏ https://t.co/7XrWRrd375"
3,yandex,1643791,–ú–æ—Å–∫–≤–∞,–Ø–Ω–¥–µ–∫—Å,2009-03-21 17:10:37,
6,FLOTUS,2573885,,Jill Biden,2021-01-13 00:57:47,First Lady of the United States Jill Biden. Community college educator. Military mother. Grandmother. Wife of @POTUS.
6,jimmyfallon,51876103,"New York, New York",jimmy fallon,2008-07-18 19:46:50,astrophysicist
6,joerogan,7213481,,Joe Rogan,2008-12-18 04:01:47,Stand up comic/mixed martial arts fanatic/psychedelic adventurer Host of The Joe Rogan Experience #FreakParty https://t.co/caBUmcvqBY
6,StephenKing,6507542,,Stephen King,2013-12-06 15:26:35,Author
6,SenWarren,6947286,,Elizabeth Warren,2012-11-25 15:14:27,"U.S. Senator, Massachusetts. She/her/hers. Official Senate account."
5,Forbes,16703800,"New York, NY",Forbes,2009-11-21 02:09:57,"Official account of Forbes, the world‚Äôs leading voice for entrepreneurial success and free enterprise, and home to breaking news, business, money, and more."
2,muz_tv,3393023,Moscow,–ú–£–ó-–¢–í,2009-11-02 13:03:03,–û—Ñ–∏—Ü–∏–∞–ª—å–Ω—ã–π Twitter –ú–£–ó-–¢–í
2,MedvedevRussiaE,1015664,"Moscow, Russia",Dmitry Medvedev,2010-06-09 14:36:47,"Deputy Chair of the Security Council of the Russian Federation. For tweets in Russian, follow @MedvedevRussia"
2,tina_kandelaki,1687424,–ú–æ—Å–∫–≤–∞ | –†–æ—Å—Å–∏—è,–¢–∏–Ω–∞ –ö–∞–Ω–¥–µ–ª–∞–∫–∏,2009-08-13 19:19:28,–¢–∏–Ω–∞ –ö–∞–Ω–¥–µ–ª–∞–∫–∏ (–æ—Ñ–∏—Ü–∏–∞–ª—å–Ω—ã–π –∞–∫–∫–∞—É–Ω—Ç)
2,dumagovru,923610,"–†–æ—Å—Å–∏—è, –ú–æ—Å–∫–≤–∞",–ì–æ—Å—É–¥–∞—Ä—Å—Ç–≤–µ–Ω–Ω–∞—è –î—É–º–∞,2010-08-11 14:06:30,–û—Ñ–∏—Ü–∏–∞–ª—å–Ω—ã–µ –Ω–æ–≤–æ—Å—Ç–∏ –ì–æ—Å—É–¥–∞—Ä—Å—Ç–≤–µ–Ω–Ω–æ–π –î—É–º—ã –§–µ–¥–µ—Ä–∞–ª—å–Ω–æ–≥–æ –°–æ–±—Ä–∞–Ω–∏—è –†–æ—Å—Å–∏–π—Å–∫–æ–π –§–µ–¥–µ—Ä–∞—Ü–∏–∏. For English tweets follow https://t.co/mcL09caVPr
2,USEmbRu,54899,–ú–æ—Å–∫–≤–∞,–ü–æ—Å–æ–ª—å—Å—Ç–≤–æ –°–®–ê –≤ –†–§,2009-02-04 14:11:06,Official –¢witter feed of U.S. Embassy Moscow. Follow us: English Twitter @USEmbRuPress - https://t.co/bjsOz0LMqX - https://t.co/b2Kgj4YJYF
2,MosSobyanin,488266,–ú–æ—Å–∫–≤–∞,–°–µ—Ä–≥–µ–π –°–æ–±—è–Ω–∏–Ω,2014-08-12 14:45:02,–ú—ç—Ä –ú–æ—Å–∫–≤—ã
2,RT_russian,850882,"–ú–æ—Å–∫–≤–∞, –†–æ—Å—Å–∏—è",RT –Ω–∞ —Ä—É—Å—Å–∫–æ–º,2011-07-20 11:07:40,–ù–æ–≤–æ—Å—Ç–∏ —Ç–µ–ª–µ–∫–∞–Ω–∞–ª–∞ RT –Ω–∞ —Ä—É—Å—Å–∫–æ–º —è–∑—ã–∫–µ https://t.co/OtqoQva8Nw
2,Russia,297080,Russia,Russia üá∑üá∫,2014-11-13 11:36:44,"Find inspiring, fresh insights from #Russia‚ùó Home to more than 190 ethnic groups & authentic cultures, with 11 time & 7 climate zones. üèû Feel our warm welcome‚ù§"
4,maddow,10629107,"New York, NY USA",Rachel Maddow MSNBC,2008-09-04 15:02:12,"I see political people...
(Retweets do not imply endorsement.)"
4,Oprah,43636045,,Oprah Winfrey,2009-01-23 15:18:34,
4,MSNBC,4163460,,MSNBC,2007-03-29 13:15:41,"The place for in-depth analysis, political commentary and diverse perspectives. Home of @MSNBCDaily."
3,StephenAtHome,19397846,,Stephen Colbert,2008-09-15 22:31:44,Evie‚Äôs husband
3,RT_com,2997363,,RT,2009-08-11 06:12:45,"Freedom over censorship, truth over narrative

On air in 100+ countries. 10+ billion video views in 2020

Don‚Äôt want your news filtered - find us at https://t.co/9V8JaMqU2C"
1,RusBotschaft,14222,"Berlin, Deutschland",Botschaft der Russischen F√∂deration,2012-06-01 07:57:52,Hier twittert die Pressestelle der Botschaft der Russischen F√∂deration in der Bundesrepublik Deutschland
1,mvd_official,158338,"–†–æ—Å—Å–∏—è, –ú–æ—Å–∫–≤–∞, —É–ª. –ñ–∏—Ç–Ω–∞—è, 16",–°–∞–π—Ç –ú–í–î –†–æ—Å—Å–∏–∏,2013-01-14 17:28:27,–¢–≤–∏—Ç—Ç–µ—Ä-–ª–µ–Ω—Ç–∞ –ú–í–î –†–æ—Å—Å–∏–∏. –°–µ—Ä–≤–∏—Å –¥–ª—è –æ–Ω–ª–∞–π–Ω-–æ–±—Ä–∞—â–µ–Ω–∏–π –≤ –ú–í–î –†–æ—Å—Å–∏–∏: https://t.co/2uQpi3ynWv #–Ω–æ–≤–æ—Å—Ç–∏ #–ú–í–î #–ø–æ–ª–∏—Ü–∏—è
1,TSNHockey,276276,,TSN Hockey,2013-01-19 18:27:55,"Official Twitter account of TSN's coverage of the NHL, Hockey Canada and the best game you can name. #TSNHockey #TradeCentre #DraftCentre #FreeAgentFrenzy"
1,RussianEmbassy,89642,London,"Russian Embassy, UK",2010-02-16 11:26:37,Embassy of the Russian Federation üá∑üá∫in London - official Twitter feed (–Ω–∞ —Ä—É—Å—Å–∫–æ–º —è–∑—ã–∫–µ - @RussianEmbassyR)
1,RussiaUN,58625,"New York, USA",Russian Mission UN,2011-08-02 20:16:59,Official Twitter feed of the Russian Mission to the @UN in NY / –û—Ñ–∏—Ü–∏–∞–ª—å–Ω—ã–π Twitter-–∞–∫–∫–∞—É–Ω—Ç –ü–æ—Å—Ç–æ—è–Ω–Ω–æ–≥–æ –ø—Ä–µ–¥—Å—Ç–∞–≤–∏—Ç–µ–ª—å—Å—Ç–≤–∞ –†–æ—Å—Å–∏–π—Å–∫–æ–π –§–µ–¥–µ—Ä–∞—Ü–∏–∏ üá∑üá∫ –ø—Ä–∏ –û–û–ù
1,sledcom_rf,70376,–ú–æ—Å–∫–≤–∞,–°–ª–µ–¥—Å—Ç–≤–µ–Ω–Ω—ã–π –∫–æ–º–∏—Ç–µ—Ç,2011-09-27 02:11:48,–û—Ñ–∏—Ü–∏–∞–ª—å–Ω—ã–π —Ç–≤–∏—Ç—Ç–µ—Ä –°–ª–µ–¥—Å—Ç–≤–µ–Ω–Ω–æ–≥–æ –∫–æ–º–∏—Ç–µ—Ç–∞ –†–æ—Å—Å–∏–π—Å–∫–æ–π –§–µ–¥–µ—Ä–∞—Ü–∏–∏
1,history_RF,90692,–ú–æ—Å–∫–≤–∞,–ò –° –¢ –û –† –ò –Ø. –† –§ üá∑üá∫,2013-03-20 20:06:02,–û—Ñ–∏—Ü–∏–∞–ª—å–Ω—ã–π –∞–∫–∫–∞—É–Ω—Ç –ø–æ—Ä—Ç–∞–ª–∞ –ò–°–¢–û–†–ò–Ø.–†–§ –≤ –¢–≤–∏—Ç—Ç–µ—Ä–µ
1,RusEmbEst,11165,"Pikk 19, 10133 Tallinn",Russia in Estonia üá∑üá∫üá™üá™,2012-10-04 07:57:57,–ü–æ—Å–æ–ª—å—Å—Ç–≤–æ –†–æ—Å—Å–∏–∏ –≤ –≠—Å—Ç–æ–Ω–∏–∏ / Russian Embassy in Estonia / Venemaa Suursaatkond Eestis. –¢–≤–∏—Ç—ã –ü–æ—Å–ª–∞ –ø–æ–¥–ø–∏—Å–∞–Ω—ã ‚Äì –ê–ü.
1,M_Simonyan,540943,Moscow,–ú–∞—Ä–≥–∞—Ä–∏—Ç–∞ –°–∏–º–æ–Ω—å—è–Ω,2009-07-16 11:59:02,–ì–ª–∞–≤–Ω—ã–π —Ä–µ–¥–∞–∫—Ç–æ—Ä RT.
1,rgrus,299990,"Moscow, Russia",rgrus,2009-07-08 08:22:17,–†–æ—Å—Å–∏–π—Å–∫–∞—è –≥–∞–∑–µ—Ç–∞ - –∏–∑–¥–∞–Ω–∏–µ –ü—Ä–∞–≤–∏—Ç–µ–ª—å—Å—Ç–≤–∞ –†–æ—Å—Å–∏–π—Å–∫–æ–π –§–µ–¥–µ—Ä–∞—Ü–∏–∏. –ò–∑–¥–∞–µ—Ç—Å—è —Å 11 –Ω–æ—è–±—Ä—è 1990 –≥–æ–¥–∞. –†–ì –∏ RG.RU –ø—É–±–ª–∏–∫—É—é—Ç –æ—Ñ–∏—Ü–∏–∞–ª—å–Ω—ã–µ –¥–æ–∫—É–º–µ–Ω—Ç—ã –∏ –æ–ø–µ—Ä–∞—Ç–∏–≤–Ω—ã–µ –Ω–æ–≤–æ—Å—Ç–∏
1,RKadyrov,396840,–ì—Ä–æ–∑–Ω—ã–π,–†–∞–º–∑–∞–Ω –ö–∞–¥—ã—Ä–æ–≤,2012-06-20 07:34:24,–ì–ª–∞–≤–∞ –ß–µ—á–µ–Ω—Å–∫–æ–π –†–µ—Å–ø—É–±–ª–∏–∫–∏
1,SHAQ,15619301,"Orlando, FL",SHAQ,2008-11-18 10:27:25,"VERY QUOTATIOUS, I PERFORM RANDOM ACTS OF SHAQNESS"
1,tassagency_en,60536,"Moscow, Russia",TASS,2013-09-25 10:26:47,With us news becomes stories and events become history.
1,MoscowTimes,141464,Moscow,The Moscow Times,2009-01-26 10:34:07,Independent news from Russia since 1992. Photo: Moskva News Agency
1,AmbRusFrance,11948,"Paris, Ile-de-France",Russie en France,2011-07-26 13:20:14,"Ambassade de Russie en France 
–ü–æ—Å–æ–ª—å—Å—Ç–≤–æ –†–æ—Å—Å–∏–∏ –≤–æ –§—Ä–∞–Ω—Ü–∏–∏ 
Russian Embassy in France

RT ‚â† endorsement"
1,izvestia_ru,284856,,–ò–∑–≤–µ—Å—Ç–∏—è,2010-11-08 14:56:11,"–û—Ñ–∏—Ü–∏–∞–ª—å–Ω—ã–π –º–∏–∫—Ä–æ–±–ª–æ–≥ https://t.co/wH4yPbu0mc - –Ω–æ–≤–æ—Å—Ç–Ω–æ–≥–æ –∏–Ω—Ç–µ—Ä–Ω–µ—Ç-–ø–æ—Ä—Ç–∞–ª–∞ –ú–ò–¶ ¬´–ò–∑–≤–µ—Å—Ç–∏—è¬ª. –ë–æ–ª—å—à–µ, —á–µ–º –≥–∞–∑–µ—Ç–∞! –ë—ã—Å—Ç—Ä–µ–µ, —á–µ–º —Ç–µ–ª–µ–≤–∏–¥–µ–Ω–∏–µ!

https://t.co/9cUUy2nXLP"
1,Vremya_Pokazhet,68535,"Moscow, Russia",–í—Ä–µ–º—è –ü–æ–∫–∞–∂–µ—Ç,2017-06-05 17:46:54,"–û–±—â–µ—Å—Ç–≤–µ–Ω–Ω–æ-–ø–æ–ª–∏—Ç–∏—á–µ—Å–∫–æ–µ —à–æ—É –æ —Ç–æ–º, —á—Ç–æ –≤–æ–ª–Ω—É–µ—Ç –∫–∞–∂–¥–æ–≥–æ —Ä–æ—Å—Å–∏—è–Ω–∏–Ω–∞"
1,mfa_russia,291048,Russia,MFA Russia üá∑üá∫,2011-02-21 12:45:22,Official account of the Ministry of Foreign Affairs of Russia üá∑üá∫ | Country's account @Russia | –ü–æ-—Ä—É—Å—Å–∫–∏ @MID_RF | Cuenta en Espa√±ol @MAE_Rusia https://t.co/kWMm8F3R7u
1,mod_russia,220727,–ú–æ—Å–∫–≤–∞,–ú–∏–Ω–æ–±–æ—Ä–æ–Ω—ã –†–æ—Å—Å–∏–∏,2014-08-18 13:14:39,–ú–∏–Ω–∏—Å—Ç–µ—Ä—Å—Ç–≤–æ –æ–±–æ—Ä–æ–Ω—ã –†–æ—Å—Å–∏–π—Å–∫–æ–π –§–µ–¥–µ—Ä–∞—Ü–∏–∏ | Ministry of Defence of the Russian Federation
1,rvio_ru,267943,"–ú–æ—Å–∫–≤–∞, –ü–µ—Ç—Ä–æ–≤—Å–∫–∏–π, 6, —Å—Ç—Ä. 1",–†–æ—Å—Å–∏–π—Å–∫–æ–µ –≤–æ–µ–Ω–Ω–æ-–∏—Å—Ç–æ—Ä–∏—á–µ—Å–∫–æ–µ –æ–±—â–µ—Å—Ç–≤–æ,2011-05-05 11:34:58,–ü—Ä–µ–¥—Å–µ–¥–∞—Ç–µ–ª—å ‚Äî –í–ª–∞–¥–∏–º–∏—Ä –ú–µ–¥–∏–Ω—Å–∫–∏–π
1,RepAdamSchiff,2932991,"Burbank, CA",Adam Schiff,2009-04-07 17:54:35,Representing California's 28th Congressional District. Chairman of the House Intelligence Committee (@HouseIntel). Pro-Democracy.
1,MetroOperativno,154624,"–†–æ—Å—Å–∏—è, –ú–æ—Å–∫–≤–∞",–ú–æ—Å–∫–æ–≤—Å–∫–æ–µ –º–µ—Ç—Ä–æ,2015-01-28 08:35:53,"–û—Ñ–∏—Ü–∏–∞–ª—å–Ω—ã–π —Ç–≤–∏—Ç—Ç–µ—Ä-–∞–∫–∫–∞—É–Ω—Ç –ú–æ—Å–∫–æ–≤—Å–∫–æ–≥–æ –º–µ—Ç—Ä–æ–ø–æ–ª–∏—Ç–µ–Ω–∞ –ø–æ –æ–ø–µ—Ä–∞—Ç–∏–≤–Ω–æ–º—É –∏–Ω—Ñ–æ—Ä–º–∏—Ä–æ–≤–∞–Ω–∏—é –æ —Ä–∞–±–æ—Ç–µ –º–µ—Ç—Ä–æ. 
–ó–∞–¥–∞—Ç—å –≤–æ–ø—Ä–æ—Å: @MoscowMetro
#–º–æ—Å–º–µ—Ç—Ä–æ #metrooperativno"
2,ConanOBrien,28692217,Los Angeles,Conan O'Brien,2010-02-18 20:17:16,"The voice of the people. Sorry, people."
2,NYGovCuomo,2615767,New York,Andrew Cuomo,2010-12-30 17:54:04,"Father, fisherman, motorcycle enthusiast, 56th Governor of New York"
2,jimmykimmel,12037016,Los Angeles,Jimmy Kimmel,2009-03-23 18:05:56,1997 Bowling Digest Co-Bowler of the Year
2,chrissyteigen,13723792,couch,chrissy teigen,2009-05-11 22:50:04,de-motivational speaker
1,SenTedCruz,2064302,"Houston, Texas",Senator Ted Cruz,2013-01-09 18:11:37,Representing the State of Texas in the United States Senate.
1,ProjectLincoln,2767356,The United States of America,The Lincoln Project,2019-12-12 20:43:08,"""You cannot escape the responsibility of tomorrow by evading it today.‚Äù ‚Äì Abraham Lincoln üè¥‚Äç‚ò†Ô∏è"
1,LeaderMcConnell,2100966,"Washington, DC",Leader McConnell,2013-03-07 20:21:15,"U.S. Senate Republican Leader Mitch McConnell
Follow @McConnellPress & @SRCC"
1,TheOnion,11724997,,The Onion,2008-03-04 02:48:37,America's Finest News Source.
1,CDCgov,3778604,"Atlanta, GA",CDC,2010-05-21 19:40:40,CDC's official Twitter source for daily credible health & safety updates from Centers for Disease Control & Prevention. Privacy policy: https://t.co/N3OhkbXTAq
1,blakeshelton,20144788,"Tishomingo, Ok",Blake Shelton,2008-05-27 13:43:08,"The Official Blake Shelton Twitter. You're getting the real BS straight from Blake himself. (And a few official updates from Team BS, too.)"
1,britneyspears,56067480,"Los Angeles, CA",Britney Spears,2008-09-22 20:47:35,
1,BreakingNews,9748791,"NYC, LA, London",Breaking News,2007-05-13 23:06:45,
1,LukeBryanOnline,9505113,"Nashville, TN",Luke Bryan,2008-10-30 21:14:38,#BornHereLiveHereDieHere Deluxe Edition: Pre-Save & Pre-Order Now
1,SenSchumer,3218900,"New York, NY",Chuck Schumer,2008-11-19 20:10:20,"Official Account of Senator Chuck Schumer, New York‚Äôs Senator and the Senate Majority Leader."
1,TODAYshow,4238557,Studio 1A,TODAY,2007-07-26 19:56:22,America's favorite morning show
1,FallonTonight,4363530,Back in 30 Rock!,The Tonight Show,2009-01-30 17:26:46,The Tonight Show starring @JimmyFallon Weeknights 11:35/10:35c on @NBC Tweet along with us using #FallonTonight
1,RealCandaceO,2653879,"New York, USA",Candace Owens,2017-06-23 13:45:19,New York Times best-selling author. Founder of @BLEXIT organization. Black people don‚Äôt have to be Democrats‚Äî still.
1,RandPaul,3115982,"Bowling Green, KY",Senator Rand Paul,2010-11-17 23:52:35,"U.S. Senator for Kentucky | I fight for the Constitution, individual liberty and the freedoms that make this country great."
1,carrieunderwood,8316998,"Nashville, TN",Carrie Underwood,2011-10-06 22:36:16,"Mike's wife, Isaiah‚Äôs and Jacob‚Äôs mom. Also, mom to fur babies Ace, Penny Jean and Zero. Blessed and grateful! The official Twitter account for Carrie Underwood"
1,Acosta,2270532,"Washington, DC",Jim Acosta,2009-03-04 13:48:04,"CNN Anchor, Chief Domestic Correspondent. Author of NYT Bestseller ‚ÄúThe Enemy of the People.‚Äù I believe in #realnews"
1,tedcruz,4365492,"Houston, Texas",Ted Cruz,2009-03-06 03:20:20,"Father of two, @heidiscruz's husband, fighter for liberty. Representing the great state of Texas in the U.S. Senate."
1,dbongino,2446497,"Florida, USA",Dan Bongino,2011-01-01 17:50:03,RESIST
1,TheAmandaGorman,1597109,"Los Angeles, California",Amanda Gorman,2014-06-15 22:27:34,Poet. Activist. Harvard '20 Inquiries below
